,0,1,2,3,4,5,6,7,8,9,10,11,12,13,14,15,16,17,18,19,20,21,22,23,24,25,26,27,28,29,30,31,32,33,34,35,36,37,38,39,40,41,42,43,44,45,46,47,48,49
0,-46.97708968680525,-0.43077401303849744,3.0213007436246384,-14.57705902780136,14.779087337715461,-4.7019023189892,-9.303801341476431,-2.0862152484838603,-12.65294118874614,7.585462928066886,-6.670091278374208,3.940480868005123,2.724703823868242,1.3156324894297011,-3.3254226196246917,2.0872778245082015,3.337759020383182,2.319208081526687,0.49931793097178334,3.2217121454400823,-5.221439724373234,-1.803584013993111,5.148318485571705,-7.392995951480613,1.5857067408843726,3.317561437786277,2.5774689628291036,7.810991363594535,2.15975830445428,-2.6316619203830043,2.0777644160215982,3.0973526353881082,-2.4201615461049006,0.19145488955159587,-0.2577451407549802,-7.855750794937918,-3.7171978718560377,-4.445724885023667,6.840988033337915,-2.1767655279076954,-9.178264127076156,-0.930125665590861,11.412453022475809,1.4102714029503451,-0.40947832994076955,0.6297343272695174,6.481369116109331,-7.646544048031888,-0.5497336211934789,3.3777740325772116
1,-44.585906330214236,4.049589448413734,-10.693122317992447,-9.398649173161738,5.465176049932745,-12.889419625009047,12.608836198253094,16.86765133452474,10.781332174250998,-3.743027496485246,9.49021698822185,-1.214749355048267,11.992570694086647,9.00801169892694,15.579645494956731,-17.16201565554597,0.36950383443172546,5.086010028571475,-8.299429605841361,-1.0006297463979388,3.2189301584688015,-6.283150858030231,6.824492816591959,-2.0070114588192416,0.2011433629238534,-4.720418718294616,-0.6011622277062231,-9.30120851059834,-3.7206199436906324,0.8343037048054376,-3.6047035456070806,0.5156772295220042,-4.286444802957743,0.4664037586049093,3.4816771966842666,-9.81585694938254,-3.0995292345100265,-3.9405983448711246,-1.6353287668499503,6.036736624081305,-6.9523107621867215,-3.240594764108869,0.1517191613656801,-3.4140316949864404,-1.7438929831579366,10.527399299930424,4.519470128396806,9.572905412972112,-0.8428483165186558,-2.293609019868893
2,-52.37608327732548,-18.42182851616425,-15.620813004310651,-29.636136127365585,11.404650809181568,0.6858493888998033,3.4043872856788826,3.391477126744167,-27.129492599883157,17.58704117404388,6.519002420740513,-4.667053756524997,-14.465818823265437,15.319378295828521,-0.7886285089328213,27.53829117383588,6.081071476421113,8.82273841272513,-3.2479613937538603,2.6533408016014346,12.348602736661102,0.8635118208690263,-7.632805696729004,-1.0965850522330296,-2.9964244221011613,-10.66956330683975,-6.837927147991815,0.08625015205876507,0.7103706345934746,0.8051353375103333,-0.11019731069965516,-0.9772955125438737,-3.4439385577237567,6.458405802076623,5.029710758379622,-2.7205929255169723,1.1125856463368204,2.1412012120650563,-1.476607389696295,6.857607592760707,3.7815866484250407,3.367137081391693,-4.589074748616867,0.925818437654033,-1.8136018376786962,0.8992677971213893,-3.141445410683266,3.4018449706741976,-2.044429931584423,-0.8155319727770348
3,-40.70710013182733,8.851983211273518,18.857508986609638,-2.3950854537963826,4.055439009397854,-10.731305869636607,-6.696279924591385,5.65017288388071,-0.19429915166458603,4.103366120861167,-6.5311766774731,-6.125527276816722,6.306652396003787,-19.747273901306894,8.248409696216909,3.3186189289227093,5.897215475846895,8.489832171204696,-1.7508536435132402,8.725139040034161,4.340535957536861,10.543531204239379,-0.48424258456927144,2.140301567827756,9.651614239156276,-3.352081465552402,9.115146953858856,-3.20020696600026,8.168730564294583,-0.3283059782018024,-8.425067898617893,-7.139400494999361,1.6941446451223576,7.109711408723562,3.1889460567753423,6.6244308272416506,-2.706019263273423,-9.360310829134114,0.26878982547877084,-1.618596402599165,13.151178394154645,2.4048550933265864,6.470469637320895,-7.276349638533743,0.7475350043522387,2.6088730862639156,1.1471932545796157,1.6857078087561572,-1.1211217320535303,-1.149953860144661
4,-39.043445865634496,6.643444313118079,9.459531047662928,-3.09389289566883,14.476756438211385,-7.58369219264661,-8.75994034509512,7.320964139815285,-9.6356432587879,-0.4796780500387658,-8.274793814648591,-5.536099622170001,1.2321492171712212,-4.869288269174846,-4.1697973460163285,-9.824353334894498,1.823969560811594,2.239715195193404,-1.782237112880448,2.8004556605772475,2.3047871275335776,-2.5459706058538414,-2.9195906067347313,-5.12396432739826,-4.434348855530637,4.524098997582841,3.8393055833680236,2.8082247615147136,2.3288931816970075,-6.593952501683232,-0.25774377991793046,-0.9066610196967135,1.2551004270140882,0.8384260875136903,3.5384026335813124,-1.0783225278724389,-6.099142052905308,6.160891541246525,2.5186672783214252,-5.425441548004218,-2.790527145715444,-1.1195191391235166,-3.515448475767533,2.0740438235290957,-2.065525459761497,-5.6924787820935245,-5.166435352317103,1.4467185152438522,1.370969022436033,0.2876799862046526
5,-26.493110926989576,12.517679967624044,-11.871863365388378,0.7730483593668314,24.49572572349582,3.198873662040483,-34.239830022358525,-22.321089025738747,-4.606740976953413,-12.008849679533892,-12.799041154362875,-17.185346472236958,11.38207161955944,10.018302533727475,3.2740950680678735,0.7539601322070425,-1.566403137476338,-0.25265552354353354,-10.469759209685403,-10.706710767541889,-0.45525945864491085,8.601240361846664,2.616813567183319,18.964031132363303,-0.8243168583792873,-8.338880230942348,-3.495237834897748,-5.894390382242044,-5.3251950277723115,3.70856670297547,-6.070307150853119,5.889488720297852,4.294533522528691,-3.452196314818136,-3.6753924944582588,-0.8315806039678121,2.738728844146374,7.36609933626268,-2.5670010528892817,2.355290382855408,-2.0460754019088907,3.465333731621378,1.044420280794767,-1.601792321264095,1.5584063532492596,1.0350584015220283,4.569958781377268,-2.266680344086507,-0.032867880788080714,2.80709728177777
6,-30.138504545579327,-13.202125505675376,-41.24628550278871,-15.405747841204906,21.725980768750055,14.177205067300397,5.381033594983397,-19.639304492851263,-9.572714200609072,-10.846503409126838,1.8277901807088779,0.23375014185966747,8.48138382487837,-1.6529748021214634,-2.5633505874632823,-11.293212567048984,4.6358542871609245,0.9730962570701152,-5.929832625299945,18.871588505462277,-2.746505817706133,-6.202901318424816,1.768096472940805,-3.1104124392013426,-2.191040106577474,8.133319896297078,12.049178228365593,3.404107618144015,-2.6879273856270145,1.1328182904580373,4.936500800913464,-6.192750110773209,-0.7810156307168982,-9.947768887841452,2.173592289641017,3.4504373218388498,3.8476623017729445,-6.8810493822951315,-6.4319601353562135,2.1420517515204534,9.142116714320165,1.9663122330041092,-3.978088754799119,7.234026197635675,-3.1511124739912955,-4.733501300696532,2.636407419188943,-0.08893591137499493,2.2978282913441688,-3.2778673332581882
7,-38.83195950244663,19.19018507331072,3.354251901648697,0.6214267857794743,16.133821462426894,-1.8379556570961868,5.376105549155812,7.930099768977624,3.896732766697959,4.679452054716228,-7.876521456687237,-7.863903957909253,0.2436846466326076,-5.362361437917215,2.2825321788956203,-2.1421982481883672,0.8215520739286782,1.9774390465911484,-6.792915091094136,4.42992331126195,3.2396903088065416,-4.566849330662628,-1.4016994239556693,-3.7273863469679798,-2.7963606656269238,0.27373470738018846,2.4767875601467186,3.8833373451306135,-1.9768122393505303,0.034684419714773235,1.637500027924486,5.512403482169531,-7.215571384951922,0.6644700405450941,-1.7181089451276452,-4.611935073752697,-4.6699569741272935,-1.0438154700342435,-4.6649646190131,1.421766150823515,-1.9051529644190899,0.21861428690396678,5.6539746599134615,-2.94282702680816,-2.219835240874992,-5.938409517664637,1.045461404619048,1.4664312465775051,5.768128210361749,3.6989547860908956
8,-41.15071363183469,12.885486206839824,-11.18707577392678,-5.722488233590647,19.68198205324543,8.562882758252734,12.230368673206913,7.948739559126947,8.658430095580133,1.9929539866049661,0.7614585525375467,-4.919023734857922,-2.8191952398525566,2.584032979689849,10.58145565937864,8.91308192055068,2.183719617351865,-11.241083758302366,-0.6557403890765706,0.33289275233748017,0.6829260918120297,0.877676124526835,5.046647495140373,1.3748873130079093,-2.6475426180625066,8.122297879833159,6.096173328927845,3.7978655063483076,-2.2125492624097767,3.859075276912985,3.036024263328662,4.245913113980903,-2.3992385033889194,0.08392749249989219,-7.3715798591733135,2.9282676007837694,0.9943165083495341,0.37783262706214593,3.312012272666419,-1.8215971723372824,4.008688991574718,-6.89644532478233,2.6998436754731987,-3.7465699310814347,4.034908374883395,-2.952222985045277,-3.1262630285939217,-9.576634947491415,-0.5212758688688214,5.071326970407971
9,-48.18214450379977,4.239514665149805,16.256204827250034,-16.545728654940465,6.35948136679515,-6.092829661016757,11.279609817556654,3.824542373181366,4.391634036846663,0.3511347618494444,4.740733195280146,5.091415017899346,8.80797668436123,4.096204821814966,3.9654779585446462,-2.7460964582607503,2.141293248554735,2.763866880671491,-4.660664413471256,2.7910011006063007,5.625939770936697,-3.302104593245356,5.222111088922254,4.166402466414505,-6.281018247708854,1.4400067081880674,-0.300538036165625,-1.8869067637570711,-0.8304070971776527,7.449944299133647,2.249144160957661,1.4775000789627448,7.643971352854231,4.016664591374257,-2.2540840457160796,-1.5406057093261105,5.604839250059564,5.693390849551993,4.713782062920843,-9.79456140135626,3.693030815938239,2.6900211218460557,0.6806973608933259,-2.152340888956068,4.235119688624631,4.844730409120189,-1.0950249959262637,-2.8054606822409314,7.940367587756908,3.459807304322978
10,-28.97299614338947,17.680906232418284,-24.90097549443822,-1.0448485615062955,16.755170639464396,1.2808405215135583,-3.3624060754757714,24.77214497388458,-7.849741283936709,-11.551266734705404,6.601827782013519,-5.109661793488825,0.6367873825238026,-3.6125241792670413,2.0273555399342946,4.2009166166740055,-9.359320664235174,-1.3623051298008313,4.448763045644897,-1.3449789122754536,-8.18034446733474,8.315021817071173,-4.613166323188104,-1.5167397010970007,-0.48246099606003195,3.734976197735255,1.9084776713275797,-5.427248826174537,7.8306511522441795,-15.5083666436774,-1.0715312372468029,-6.951065407357559,9.610577570622494,-5.200444301937298,10.702049380074486,-1.1606357935726273,6.409578994639267,4.456540994404607,-1.83652603186016,-8.532195534546577,-9.613299805247816,-2.748276053037939,-4.427759415120803,-5.406119310947555,-4.28753058636043,-1.15977016822398,-2.008580506783235,-2.6857811075908136,2.6339001247265608,-3.4575010227562006
11,-35.476434537092345,5.262058941205091,-8.659723493525101,12.575519306904189,-15.509771228324471,-1.231546246761036,-1.317147514946845,7.440804173948071,-0.9297921525531334,3.157835859047271,-9.923551112153998,-3.7792677286215497,-5.169811994678928,-5.650178279086695,2.0271050475879866,-0.41919007188511365,4.311378975692093,5.020180001789592,8.356598723323234,-1.7936377550969576,-0.09783688284495215,-2.6360513776587378,1.0796322576779236,-2.1485686558511836,-1.2164545824303767,-3.382169133426586,1.7935701353853444,1.1043680504311744,5.51639311363715,-7.506704880282146,-0.7459398970932035,5.583926721566819,-5.099386222217638,-1.504621844108253,-0.8338731120926873,7.379831108664416,-0.805066054103663,5.169892937145936,1.3316197854069627,3.0587615772303764,-0.3152653550687285,5.7056232236206545,3.9081948722596644,-2.0874616834256456,-1.947849309060431,-1.6790311513686882,2.453199473100459,1.1222504380237606,-1.4460646041990413,-0.5985219044684558
12,-14.632688800639938,2.013724519767447,6.909573214173925,23.053444521876443,4.415947264311289,-6.307453393008298,0.1342991789612037,-21.103654880317126,10.539992500809358,3.288693344512983,-4.593935132865505,-0.07257278080447775,-13.566842647218204,2.3761365636354976,-6.212973524203022,10.57030141080542,3.20025908320171,-16.629737910748048,-15.037509996807438,8.339580412747534,-3.725088025731512,0.5682482567753092,3.571866589563254,-8.119066618653422,-6.604544285187839,0.3518629329795784,3.341604727956826,-8.908567807555398,5.242906147527691,-2.9887656781504734,-1.4477409718536862,5.7697634970700395,-2.496653002791515,6.8954517021805515,5.763124719649129,-0.9429745517854119,-1.7325837151302195,0.9899484426648788,-1.969998048995393,-1.6971127565000537,-2.3990755208334846,-6.320475167127854,-1.7244426525255692,-2.476128859160657,-3.11012242468429,6.754306774548896,-2.6831530912957327,3.0955698917192978,1.7538062139639063,-6.441091920549713
13,-44.32156667747155,-1.3457856948404143,25.48851733511153,-8.02650541485107,-7.006512780074665,-5.2729299806758005,-1.2243574705572677,-5.751421820905888,1.288891667998526,1.2103280858347425,-7.564043133220025,1.2333736004703935,-1.2151546074737511,-9.754898451403683,-1.3093536972991242,-6.79187382338308,1.402408902057628,2.894654938230848,-2.7215956563579096,0.6674131221476015,4.930664784136086,4.590843717053186,-2.5225403648130365,4.710407618805641,-1.3978332994852203,-7.217676960086036,-0.6040047514464084,-5.183357969989141,-2.1935562499427292,-5.068340944667318,2.886032819440945,-0.30440054951419654,1.386869549682495,4.46899873728773,-4.871322374792878,1.0085131209662013,-9.366357923814764,4.065079921544848,2.855801466262118,-3.521584360438372,0.8896372952996119,-3.907899587705073,-8.796906642939605,1.6916301560162958,-2.58485607109213,-10.324849157108785,0.19890380932570337,-0.1254029398484795,-0.6643445668878372,-2.8413205097625833
14,-27.644091567410253,3.031939373808628,-10.474574291017225,13.51507587496677,-9.445656392838341,-7.569529726239685,-6.598179790429792,3.252082286267223,-4.141122572204432,9.975442636869197,-9.415225565177726,-1.0889251526542172,-2.255176103183201,1.457153479704485,-2.4109196468290524,-2.801117018156629,7.937963393921542,-0.3485328646698362,3.6501822348840784,0.07200128109439115,0.3664253217600308,-6.895079289735459,-2.7843973167344793,-1.8874215398862337,-9.052337538153049,6.950773618359543,-4.396555291371764,10.42640529572813,1.174821595012919,-2.023884700100707,5.464690208410749,-1.2569540006145556,1.5576193308438866,-5.490249664955577,1.1683907024340068,-0.398592059737763,5.104707697548662,6.34225657412002,6.82902634472245,2.2270616809612553,-1.5189030555418876,1.2391240648866926,2.3868845709984856,-5.427338513884905,9.792186434564432,-0.8069399723023389,-2.724155968377436,-1.3980673662576324,-2.1251428946746134,0.22791518999069713
15,-48.56771167164268,-13.637036618314639,15.975056138108702,-9.355983181828627,-28.686036568805772,2.497818265240908,-17.21563061136991,5.273077472471369,-16.03243410203132,6.757505732508335,-2.715060640620757,4.044336797111561,-2.872116065142199,5.718346803336056,-5.843995082183676,-2.0969529133314317,-0.8796273828526896,0.9932626197146844,5.638819472713077,-0.3803669283553923,-10.75897087773579,-3.4970450155465693,-0.08641406151797129,-2.178058075188083,8.432211458293553,-1.5372145890469802,9.545466695552726,-8.46541941996093,-2.8208545830501555,3.8383628184919543,-7.6356141620031215,0.480262939517242,-1.7671518263319521,-4.49213375299685,-3.421136232827023,-6.691905889360488,5.221917947792567,-7.614080519535911,-3.2808095418652,-4.980152986534004,0.661553401412458,-10.767780794206592,-3.417948176397099,0.7085924357315069,2.979349404745153,-0.15363526488338541,6.904345132582576,3.1361969635563987,2.2798664480873856,6.004409036243311
16,-30.049355128159036,-5.515380454268494,-5.943401868482494,22.76031685790006,-21.20530487636183,-3.1819211582361757,-8.48439112177538,-3.9835895629963933,8.831500595343458,7.675558231489362,-1.044501161680739,-0.9961612091659412,5.987265117809969,-6.758432274208067,1.7951917964137638,9.693831181389134,9.759691450789813,1.2892418535599655,-5.930206558895052,-0.09972896871404066,-7.340356936749342,0.48330560960739366,14.71248625089281,-3.5734118283252836,-2.20427959053481,8.062037395588886,1.8055926723133646,-4.475394027104262,8.414017818274147,1.3170012271200364,-7.759513355916347,1.6442391831052945,-1.1154297379351212,0.8699159055083932,7.9829022201041715,4.478931881344842,3.3641759262806215,6.255010135104949,-2.0855727123681844,4.503582090597635,0.2245815623289009,0.5900377433245009,-2.950594454001686,4.67192796606698,-0.46689867306719934,2.4398794261424563,-0.8686433975421984,1.559906453042719,2.5841316180128078,4.034124137015757
17,-47.09884519017617,-2.6212020567964567,-6.212847211350309,-8.500800718048504,0.6240408270238257,2.7986392687275843,14.133762575110516,-0.3369002418737419,4.482195271406228,1.3143302913627153,-1.075312121738492,-0.2808108245717711,-5.803904637597346,-2.450963996635994,7.725965141389354,-0.3901277899549159,-0.048874012212584445,-5.709820079579013,-2.3629228808774343,0.09382203451801388,6.892440408527258,-1.5976712772630812,-1.919859265448743,7.098174966170185,-4.156857093325503,1.3069698201745508,-1.9465125794313334,-7.765684702881392,2.816720327227014,-10.89446027821954,6.970755150490477,0.92327734294656,-5.337172841062423,-2.704689857606959,-4.101237291027369,16.361520381305983,5.752243193814132,-5.1722752380087735,-4.706449159312156,2.0809575392877937,-4.071483042203932,0.08888922175702973,-8.75229313746661,-2.9623778039537045,3.9054516923678153,7.657776496363367,4.632657864369033,-3.658669625649572,-3.9710543116550547,4.936705934469419
18,-27.388395832844086,18.345152722393138,-6.7879558689865815,8.172870523314193,2.429753080701988,-9.878358871088915,-3.429022441015251,6.390737379384272,-5.272240584002319,-2.676669810049852,-21.814959247562047,-0.3263271556631252,-4.762087735402402,1.4562393546813246,-1.345316379042637,-11.747753962505735,1.7648408540303797,2.627017976234835,16.90471466917967,-5.602040691687634,8.118471792753367,-8.355295296619058,-9.416671905858554,-4.748302797209915,1.229522288999515,7.952260359098874,0.8523730896812605,-3.7290805103089197,-5.387129833839974,3.4791114615063456,-5.76589167114851,2.1931663787246847,-1.4233023646635776,-0.7120191189932474,-2.9144370226149037,-0.23160482027757837,2.9191861750791697,5.171629129792889,2.169068912206844,3.798282799114222,7.03694831562189,0.4659134317448701,0.18741475107348612,5.004184429365951,-2.12113665591627,11.396425313524363,-0.8387492229491696,-1.52535253242862,2.2674656809997904,-1.4846331976553417
19,-39.223550540626945,1.5769031175717252,21.143134578603526,-12.713993809556559,-3.7748130515975205,0.21361394854860002,-2.784119784860007,-2.5829584487981885,-1.2055908844758632,-6.571108643368842,-0.06590592695054419,12.335221755580967,5.135551579842386,6.574902625450962,6.103082751296454,-3.2539273874269687,-7.977113215056622,-9.458102640067207,4.36567817768743,-1.3541528290460938,-1.2491774660672381,3.3755985464736127,3.696887153022001,-7.713986350519504,-0.7148294561818536,-4.166685800415516,-2.2853974731137994,3.333680539661283,0.6081349713000265,1.0160186439894028,-0.10393546079178755,11.356722357856437,1.6960485827477618,2.927070026120455,-3.627359117471671,10.103412897750228,-2.2194392834078935,-1.2036428697718482,0.3802648097980124,-1.6196904215854457,3.888874457610593,3.572774339813686,-7.563273128078136,-5.667693189203389,3.464757524194156,0.16041976856453716,0.4238016177922153,-3.2715751162182003,-3.7584622982005116,-1.1417707762179554
20,-33.84514635719512,-2.361216751704033,-29.333997022041668,-2.268758989914276,1.2333762761532434,11.503453946980978,7.177099547820362,-13.795214711589816,6.647045146019929,-7.101776958533676,6.131176462730229,1.7158401818256503,-5.115787138590392,-7.909545977342035,-7.119606820349409,1.4991443547520122,-8.802613152510894,22.992626570263788,-0.2116824736877419,-5.5706781924011795,-3.1051114099719803,-4.016124092897707,4.04474811316427,-7.167681506650357,-0.42081534587781744,-6.254480890375971,-7.1323815427409505,8.621207702133265,-2.367804496950652,2.2366231404893018,-7.408567033368363,0.7264276875154538,4.139352006712885,7.616719306856884,-6.52966496745128,6.731625030629025,1.796387683491578,-0.27597951373300017,1.678714203992769,-8.632479909000233,2.018543486011085,-9.5097853097012,10.49638543041782,-6.391944139206371,-7.5797575848283625,3.5358616646394334,-2.3002486324741294,0.16165678299671943,0.9578424504591673,-2.1267318275236513
21,-18.216509664222563,33.10249600958387,-10.845755679408285,0.8485357452936444,1.89447485137122,15.13577868148812,6.6090076343025395,3.0306209324960793,11.981591164656628,-0.22363661995214812,0.8186825690399117,-7.421911887101546,-1.3302960717819672,-2.079522774534066,-1.3196145969444104,3.1577827782856955,5.915159858440563,-7.533908491228313,2.6133854651474526,-3.168153276478797,-2.2817926671661226,3.421804354394361,-8.532816698061884,0.6314451791152856,-0.1002199009737797,0.07351859421982689,-2.215970108863031,1.986172761130773,-0.37329832539714775,0.698016642235616,4.210909060232631,2.708248063135602,-3.6153591069062427,1.0058124584947838,-5.1948864083491495,-2.5870897710635936,4.858261703062222,-2.024967380680467,-1.2893655629326704,3.646264907241499,-5.8381064678072,-9.368220742738716,3.438218599630204,3.689518067353351,-0.7214767182850322,1.7944649069692473,-3.2566736768680355,5.117831805176069,-1.825396585685381,-0.16261632898010817
22,-41.44893879574509,8.151504601126918,-3.8171056604852933,0.14444496338775148,3.967730607591069,-0.14808777413839588,-3.3233462298703946,-1.4905770876054398,4.617685631275725,9.56651203643336,4.353531009562708,2.5815673462629563,0.6361450154816035,-4.560805696328602,-9.039243061106177,1.6163720920927636,5.715387470481431,-1.179627589533764,2.1210011455975173,-4.215970996454684,-10.36562217750124,-3.351864898111284,9.603169889493987,6.95771533226979,1.293751493968061,-2.691606711506371,-4.217014490160935,-0.6111593013795892,9.989628487412784,6.080572160312376,13.465711513141601,-5.318523231621277,-7.759792529126636,-0.645361308887933,-4.294251068306857,-9.924005350494964,-7.421412628005908,3.2674165164805213,7.232292146262931,-3.389480626306066,-0.7620405944658927,4.13402767744609,-4.6878811521503065,2.089405253741051,-0.006666189316114119,-1.6106289854762554,8.48293767502799,-1.9268068174005166,3.748030011344196,0.006720262492528763
23,-32.49423887463194,23.06342621489202,10.658985717704166,7.728707484393649,6.655392156812477,-7.369659370299037,-12.857825381389803,3.494431825929555,5.5812875613469854,-1.637949876377274,3.0034203840565024,-3.0082959094921478,3.515057327116351,3.238529923465487,-8.73505074241834,-2.3585479125489943,-6.133312804571884,1.3952106330591256,-2.1802480547573553,-3.4430729742255073,-3.340152299954053,-4.123327143468192,-7.73795017290248,-2.550629400261275,-7.022063207410413,4.621061858084609,-6.349509873966249,6.186467876333824,-1.538609337221814,-2.2718963670590933,1.8709441053608138,-1.421308142534655,-4.711849560762027,-0.1300907744621443,-1.08504974748342,2.111430577484375,0.3335883068729929,2.1158383929355393,-5.906428059631054,2.3915007347413013,6.71099089265518,3.86100346544568,0.6428776543875232,2.1347721012469614,-2.361610668764979,0.6889372772598895,1.456087024945895,8.297861730696356,-2.1642201679209805,-5.5057025735836085
24,-24.07698695372589,-5.406706989680631,-11.816436446586732,11.2755179560555,-2.2483529246771305,-17.299743061662944,-17.424252321892812,-21.038447641950526,7.5779073220363555,7.255027031759813,17.37976773489342,5.054149072010439,27.789361265099295,-11.142598314205332,14.322713227603433,20.551614186275756,-3.918777449991315,0.7978835753761269,15.41876342217963,-5.91328133622074,12.158528119520621,-5.978198169157239,-7.0626097891409705,-10.336976489617328,-0.2292616713136338,4.644949415304346,-0.4613837911618376,-4.15045489238577,-5.248542506416871,-2.0185129419741354,3.9054169708150193,-1.2440215904581244,0.5863744933921234,-3.435301996333269,-3.611553026935825,-2.688727531112121,-2.193875787096443,-3.3744027073574046,-1.5850028703185428,-2.382881235803636,-3.206877627226264,0.49481356615122013,-2.290570396843324,1.577366002375894,-2.2604788098710653,-0.2857872818116848,-2.6179726348700934,-1.1385608703955843,-0.4267146678501413,0.5771787942837282
25,-30.306886808886397,13.309485752480596,-13.220160517765,0.19592299050053377,5.9342771045452345,21.91259719623513,7.599184343068401,5.784450585486413,1.7143606162511467,-5.2630454272002485,-5.851347353951929,-5.3203703711575905,-7.062554719379378,-4.186687577820666,-5.008318432008373,10.055201683033282,-3.0076054565156736,-2.854841164385824,15.843707460089428,-8.26861803268496,-1.385824147688735,1.4379085748951979,-3.87161917595146,3.0166197514680313,6.454700312081296,-2.8834471784565876,-1.7522516390146374,-6.175271659837844,1.1587164381753432,1.660165880304755,1.625608987635597,7.29216477890625,3.432488733627591,-5.432880876389637,3.733714377726447,0.627305693420954,-9.12079690485061,-7.261868409804974,-3.7831060057805077,-4.209764263425677,2.474447777738837,4.8952107290338835,-0.7806926803803155,6.822985207181739,5.1209299400174775,1.4079213346802482,0.05054196465867199,2.6984105541030083,5.132827450532204,-2.1327226173176173
26,-19.32867237670592,-7.728979833378965,15.327805021165457,9.797396705070748,3.008848449838654,-13.425672497594263,8.530639304042241,-14.490779677347124,0.27385105320247144,-1.3996363056348209,0.5789457314005348,-1.777067497464844,-8.658581642068084,5.853645383277165,-5.97665014856544,-5.713246356975645,-6.595529193708862,-2.0413072309234206,-0.6572811036038907,-10.9794534794655,-0.4977116288245612,-5.486084972316372,-4.63492089234523,2.8628125416094083,-1.594306218375882,-4.279955641031632,5.730889338347432,-3.5233843705418146,-0.05890522783915267,0.7931487680923339,9.666134494275173,-1.8444330459814717,5.025728036879636,-8.696049703886871,10.153653672662806,-4.594455940177558,-11.856093247027973,-5.139285913864232,-4.235590902481299,4.840263302607806,4.797927039118629,-4.121606939937833,4.129301375695933,-11.289454919562052,0.6868656268957061,-0.2184788339942746,-7.262226876485507,-1.0936359264933861,-0.18077011543975077,6.747321410148411
27,-45.1788550021684,-4.91320145456838,17.363821204328183,-8.944881228458682,-3.4551998149499368,3.5626119938428946,-10.909003034409121,-7.406437884244421,-6.469283019382516,3.7451642231813715,-7.67961907176504,7.926589915298599,-6.097193034733828,-2.284733841484108,-8.013888964946366,-0.6991624142693791,-8.59135128673874,-8.460251060683872,3.3897923342188103,1.909289624866583,-0.044961995720421484,-1.716286544526972,0.1077775769425038,1.3016852513420993,0.909157385263449,3.98967522563085,1.4473225270553645,2.510685547931997,2.3405123823613905,6.189303554932885,-3.818759109241128,-1.5337736881199646,2.3358893269308703,3.6064953330208764,-2.6347591512405764,2.5054693442782665,7.915873262350584,-1.573030166115602,-9.04051362982255,1.0745825795338415,-8.00447116499629,-5.185581537242246,3.0122440409756113,1.4366077442095475,2.8851343850369235,3.1666714138574594,-5.663031643389585,0.11342448175181556,-0.37074269160840684,-0.42900093884629265
28,-26.755365545521574,14.473750766165079,4.117709685784196,12.568104299102297,0.5049056333576396,-1.3513261317236165,-0.7951012791120906,-4.754995679927948,7.062051048621845,-6.232177401832352,-1.8697828269286374,3.6454996182117325,-11.910267325380078,-3.1705657494657125,-0.5464131949551189,-2.384959902211392,-0.4274079903140706,-10.828876463128706,-3.9949037956728293,2.290061838578508,6.518911290161416,-0.43245725889418524,-10.383073535268714,1.5670012191095226,1.5360947231346513,-0.12926164314828778,2.512934712469549,0.020984713603957032,-3.857453506810329,-2.5142736007013147,-4.502252383278809,-0.7803247574576537,-2.6756247983910106,2.5576720313244135,-2.5091912872629365,1.3112917018937646,1.4884381954238202,-0.14697055121108318,5.025628139088441,-1.9738998292120398,1.1057723043908847,0.9803395730446619,0.7515983225420595,-1.5637312597565054,-9.116713096793132,-8.006776919479702,6.847083679513645,2.009189660635284,-5.821049560560143,3.89357720815207
29,-37.99437408037284,5.371354624151298,24.372707587643855,-16.899136127068115,0.20411581171354276,5.523303861988557,-14.746805860229326,-0.6238513658181458,-5.460539841339166,-8.51780639847338,9.123806394319669,9.653849192606833,7.056780211585992,6.650751132671921,-5.833838485110528,-3.1748830546616715,-3.7899524688098443,-5.811292209281382,7.284143567060773,3.403815278861459,-5.998540514610594,0.236761937528911,0.8572737105345118,-5.901909073395745,1.4106938246662177,-0.8108762626941338,-2.7104769261047466,-2.35780301763968,1.389696107988347,3.317853268006498,7.5461819101316525,-1.960862228535277,-4.693947254077621,1.3512212973207434,-2.018701787991087,2.313915495167279,4.1447560167407484,-0.37991115042480356,0.609301456527647,6.380549642898627,-0.06852419452468746,-0.2659231103649564,-0.41048533904597245,-2.615795268865517,-2.9208203870478027,0.7408886082321219,-6.4142063107722835,1.0774967698762268,-2.826712376411192,-6.699057948324392
30,-32.07458115755905,-10.323803328357817,-33.67697147045298,3.5751656272306147,-21.372061174656807,3.2987209899942473,6.6105428200973675,-2.95262797585053,1.6961788153919084,-2.930421944087758,9.076008691987214,8.023716434755103,-2.4268046605531066,7.744042724128799,7.089067272935969,-9.463283661891513,-1.0752461203015566,-8.08264267228143,12.097545269423591,13.709493274373642,9.837366454004622,2.9240668784582042,-5.865583005773563,6.1560294719827,-0.02598799989714573,-3.0439290263535277,8.79078732986694,-0.9262075710888601,3.3396906850346975,6.772874821178772,-11.654516959442075,3.989790034490577,-1.1561675125289903,6.823875148811522,4.3279199253478815,-8.34259034260841,-6.07469241010644,12.1600168857266,-4.15786192572858,-2.3903133266694274,-3.228241621937005,2.3146960282325533,2.147358310640195,0.46262491294226527,0.16304805219311871,-5.627133566599142,0.4807221661793463,-4.52533555800276,-6.560730755548065,-1.421589626513867
31,-41.979608801478705,-12.366726754864898,-13.388764633950021,3.473554197525114,-13.507150812197212,-3.2690018888569297,0.0933929101350774,1.8619897645161332,0.7713935822269987,-2.4421426509508173,10.321780337798218,7.377846024482927,0.9758963073160585,12.195770425159937,2.921430780500723,0.6111138124648128,6.521605783401935,-13.693914980277178,1.9540216348794837,3.69329764792222,-3.901783437403026,-1.595403512502271,5.022363099751064,4.826260631851857,-2.6120611546212604,-3.653104682695467,-3.7507542095045436,4.287546634693413,-0.7427647921931636,-8.533441847913211,-0.1136013312565064,2.1884899764219017,11.340945202239913,-1.6086664926175487,2.3163062279463875,6.29606522747437,-0.6994795765623443,-3.5976684498022893,2.7836247574819537,1.0739750861849409,2.4966867426294743,5.925884942947997,16.375278199606786,4.362838291173233,0.9020362797564457,-2.8684338344744895,3.958981700565963,8.970143440961216,1.8208106423460944,6.050926361053681
32,-29.81983252390023,-3.7733959250045417,-1.7541205175618826,1.160512594564667,-9.575111119266971,21.068075561627253,12.034833631136754,-10.342771858062706,3.716078373275717,-9.86748075507125,-5.89319632230956,2.8617484785744804,-10.807541928848762,-4.095691146168175,1.0854280191531218,4.900871141591227,-11.66430260378018,17.53678439743525,1.6595664559979542,-3.5840425520339716,-2.962326654524041,-7.412306874445617,12.024550094574103,-6.8453446783261205,-3.6448727704255326,1.0235744597368668,0.5156815188109548,-6.270633960408188,2.847546508802118,-3.5609921940385,1.45686005719616,1.082552943019595,6.139774886074801,-2.336259743104629,1.6857491881792848,-6.046660760198021,2.7994136008448463,4.561847064746535,4.371627526594846,1.2929324804871933,2.5825412077433287,3.2992613698014406,-7.427184471898412,-0.7219972330032015,5.68352377741433,-1.9124959193367197,7.470071136545627,4.090646974352644,-7.266598235167667,3.3948342274780243
33,-38.05488763207926,-1.7161072745467987,-9.991234755868653,2.5707297178457345,-22.695286806455528,-9.671780927243192,-4.057983572799696,10.024577012362258,6.466588113677473,12.842875782218668,5.048070225760512,-1.7962444219922107,8.726171955771465,-9.538124473897856,-8.567399816287905,-9.439887304066277,1.6380182427385446,10.556506703979027,-11.848063441258724,2.2410975450252466,-4.499075274899515,8.156557326335918,-5.692989965678094,5.104657017881653,-1.30688418300842,-6.970446061525468,-7.230148763310173,7.018433358148914,-7.212474619373113,-0.6367786551688807,2.6254085291368465,3.89781873347725,-4.047183860495345,-2.3730036073809337,6.350699280491023,1.29847718526533,6.386213800320857,-3.5669500560840897,-1.8111733897422493,3.5853581176464453,1.4319663919323626,-3.325707546455998,-5.825345824734636,0.9637399754468677,4.092427613767434,-0.29969001133804163,-1.8400235374753118,-6.6698205871591325,-5.313194292127335,2.546722005568735
34,-24.82850608221821,10.852773722301661,6.367818840401829,6.0753185481517535,-10.418228281914729,23.445033696833573,6.390642858779213,-5.519199357838862,7.489947644247174,-4.89857804103513,0.5792376566894855,2.2334710194433702,-0.15753471264805455,-9.237508381276692,-0.26356430921920526,3.198662269456384,-4.747143139044718,8.260683520438505,-6.85684634991242,6.481168145010506,-0.23410258071907344,-3.9737082476727954,-6.299574150413714,0.3251664376581757,3.1747337534948685,-2.956089942510062,4.563141967120049,4.926125603394041,-9.758183601437585,1.3772059283209344,-0.01312162327939796,3.4095600865597224,-3.2249566110509704,2.1026256748650685,2.345134872114934,-5.045943260164428,-1.078158782225469,1.8400087624230377,-3.29122397308917,5.021694396470529,-7.844049226689309,6.633249321356245,1.331011312041739,-0.08211149649951424,6.73997518681328,-1.6297959503250263,-6.218437181412683,-3.644019465364526,3.2350733499250106,2.3311070932835034
35,-40.90362323844675,12.711446501802664,-12.991835398723067,2.644017254956208,-0.6395665554570403,6.10078294442334,1.3363190175737125,16.311585527031152,7.13952665876012,1.898274469527337,9.55936666443172,-1.3188057232252448,-4.146122021385166,2.162579569356727,1.2994279950782754,9.689243452181001,-9.346046543861277,-9.948685908249452,-3.8319228552379907,-12.681999348997442,-7.767689663899398,10.589545790365475,6.178019460833809,1.2484997778265587,5.544207325062219,9.78777268425752,-1.5588115642589335,5.414613645894779,-9.05652250820229,9.27929341756658,-9.0800738211204,-10.948527357380433,-5.576938935456954,-1.5166229220345064,1.0476829070800824,-0.6431640064078702,-6.608718762427009,0.9794889069450828,2.6178638874733364,3.2665331580635573,9.160358397326574,-3.05340794408942,-2.071227843752852,1.1372200370181806,-2.083344192265894,-2.227086461157205,0.3066436993826254,-2.5284968568568797,-3.9302387635902103,0.35351196472690904
36,-13.24035314331277,-11.38348522036885,-10.756468759186497,8.706840620488244,0.8749303359397298,-17.876879623458517,8.559671332078027,-14.324499827699716,5.107459005909883,-7.209182859536697,3.310440242900052,-0.7732201617477136,-4.166971358435469,11.694040326117447,-6.844459869579234,-7.7577254325568115,-6.174625887312677,2.2174129863537133,-6.597084848460668,-10.900422046121683,9.602583762943407,10.330067200911213,-7.126067806162296,-7.941535840333255,12.269745790398346,3.3099279067218257,-4.28350384889829,2.243661117191434,18.400129547644433,3.527037001155912,-2.2343876410479475,-5.404991326521733,-8.750453815730872,-2.7436288280537298,4.12352550590376,-0.15495203445954916,11.606537890947545,-4.950152075512986,1.9936542900739778,-1.8502527798953285,-0.9891136831770729,3.534055357792036,1.3421791184177214,3.0822091110760352,3.6576257344949923,-6.321604205200247,0.844029155270333,-3.702506832225803,2.5361176193801644,4.235877071607136
37,-33.613383414288634,9.109390472103131,18.820362696070667,-4.084400781749054,-1.0645546201210623,-2.8062566103842976,9.956562404715289,-1.0511831138219965,10.092224369223423,-7.031952471649846,4.163288859576206,1.580565101915342,0.7498824852432147,6.928392547013413,-3.639517968186411,-4.980513486133204,1.3572848232488832,3.57146107113309,-2.6945120827911264,-7.911451470926044,9.42987290076952,1.8057933214135593,-0.899520334247889,-6.033077348234048,-5.402210480790379,2.5622034242742564,-0.9566609303386192,-2.741557896386339,0.576645431709695,4.546550609801431,-0.7276069973116468,-8.325470499421007,1.5549903315135714,0.09547102812562333,-1.1070872974184987,-0.2865775462187488,-0.5654637514005812,4.343843218359418,3.451048363167105,-2.3354995998391828,-0.9495441280108483,4.607765358408628,-1.5997371285824287,3.776947117103836,6.0646697885653635,-1.270779406126102,-3.4763472241896918,4.277880786044631,1.511843678646736,-2.7172875131994148
38,-48.581776866414565,-11.473384070417577,15.539025870925943,-5.757068519356305,-15.693288457657662,0.9973324534506706,-2.138762204489463,8.705307797422304,-5.186962293295334,-4.852613204360881,-0.5422352181581909,4.908726526813648,-1.3884357367990732,6.354368154009083,-0.6938821276183996,-3.9900971438462127,-2.384885317747896,-2.1974112974201665,-5.627659452028653,-1.756164262606355,-6.184302098228405,2.1793314053016535,7.29063177269043,-4.24370048481163,0.47437793295789354,-0.9518749224714328,-6.537892841637004,-1.9735542386558098,-7.222157752019357,-1.2628470985555578,-1.547448790238632,-1.9725715374107127,1.2707999384268052,-0.7697042796686795,-0.2039094837611194,7.982547105045434,-3.879856224213339,-4.270226755822201,-2.119232496132952,-0.32708423748766596,-5.948671422110189,6.576240306116723,2.3814788713257053,1.684122905337423,-2.7627399401755737,-3.0342306363983864,-6.485199749084109,-3.2286886689020116,4.152318804742835,-4.879560451721873
39,-19.914748599696193,-2.8802103396178054,-39.427416571718005,12.001605758865603,-10.257493505905577,5.165828596820965,1.1760207382698722,-3.0696993667492563,-0.44496681651912473,-3.154975136808868,-7.159971979332314,3.645032049461747,4.980679102188495,-8.312659723367709,1.053104643962439,-7.622161080829074,3.638753865530794,-3.358708819544001,8.333798801175389,5.113284274722871,-4.345317847682796,3.293821077842485,3.951026735387689,9.586987877308914,7.352026161202566,-11.535476152848187,-5.433746142106868,-6.19295710740307,8.176615786405533,1.5367772214993607,8.309647884265503,-5.930797000937929,-0.6374578932239346,3.2689680554474125,-4.313256791742236,-2.18073078002671,-0.9481954416099849,-3.3100629466989164,7.080539105473219,9.008449589693312,0.8669655866255979,-1.0999817621693613,-1.0864015899772415,-0.3008086209771967,-3.0799509317086744,0.2772759994974828,-12.489962586315265,0.8827329303140308,4.667016585970799,-2.722179240623724
40,-39.27518728489981,-14.993464437795812,0.8887292137073098,6.362753131824903,-22.198943993741004,-7.513735961762498,5.940107105590021,-3.532141916999854,3.1631919062838576,9.06936835328921,-5.0973637890456525,2.446422428356611,-7.851351362918007,0.11714968938643251,4.925246302216964,3.614838804982553,3.52040934384469,-0.19491080225015622,-9.400625907487136,-1.796056290268456,6.546659203405957,-0.8160132783193005,-6.044382120385402,13.549760727647621,1.9852084605640585,8.947569294950151,-4.127716649123068,4.704969980979078,-7.840993235010483,-2.9368091488133254,3.5175998215761113,-5.7415688302478385,17.310852358919583,-5.386928413504738,-1.2744059254740647,-6.401860893969975,1.3012545327133482,-5.36881188023751,0.5033426567225824,-6.149588505425784,0.17097419454556675,-3.8760484386749408,-0.8904260998530457,6.898705598851685,-3.5330417281889632,1.7687860986314494,4.304703338999498,-0.48550857167749406,0.8358148772901056,-10.297223773586676
41,29.465724917304552,10.748696905746126,4.241322169407902,-5.9097655632969355,3.7985923718268233,-0.8974757946340239,-1.7547305741053782,-3.672534947031928,9.55821801696468,9.264692675573878,-4.275946577485772,-2.276142453953569,-3.6040500358849714,-0.4795436945957299,8.156132873757832,1.4463735648435427,-11.700182584605086,-0.25738626540185244,1.515291717008077,6.537892460981386,0.2965085779716713,-3.3989667608905365,0.10598573664948975,-5.267334558890763,12.945314946618284,-1.1265865284575645,-6.192124131000435,1.7404859971012994,-3.3239292563887477,-5.107597158094374,-2.36467406951636,4.4300841501734745,2.9184511726033358,-0.2956715064217922,4.792599850238344,1.404291498541043,4.393606742785008,1.3474855207892393,-1.0268964489911454,10.781625319487437,-0.7429512210964133,-2.254924461230981,-1.9853633527410817,1.5252559664850038,0.862969150184628,-8.401611748873972,6.891496636470572,-2.386868705625404,8.975535763033132,-2.341208246971888
42,27.226034583659196,10.442872224537307,11.033467543345516,-4.167709606883299,2.18036379079184,-7.540635037609087,0.9453486701503679,-4.035514432895994,-6.622391870730778,-2.1418479438705695,3.9196494159707114,1.5495569779779004,-7.300035829133617,-5.92290464630931,8.800661143218623,-3.730973898967068,-6.5246284430996315,0.38515912829336596,-0.18773983498318125,0.9699912471819059,4.057155308331666,-2.3010301175158987,6.13694936751879,1.890676857879313,2.255363832348633,-2.46587280839143,-5.694134822759069,0.5193626151570037,-0.3284548547229723,0.5703305421318516,0.14829927612398866,1.2176390935462766,1.736341744284521,-1.6580535593282382,2.0487915077962096,4.809536896332888,-3.3334718279250852,-0.35247000732459743,-0.7762559583278772,-0.08114077181906224,-1.139724760585104,-0.992592192804004,2.7640043085271957,5.197322417641672,1.4543948388017256,0.9015398416239634,0.18650791132443734,-2.460862285211716,0.5034488739176364,0.33445633989070883
43,33.56786646161246,19.818283370312297,-5.604665793014104,-3.052224277466558,0.31349726476114126,-0.7284731762349735,-3.538029270434631,-3.176620291171653,-7.46826151858906,4.123532590308003,4.9366911016501165,1.082516406214131,-6.045018491723493,-4.132448500632496,3.541718172467204,-3.0533839068561184,3.6602751267991276,-0.38179282891448,0.25118837754341106,0.29883546891347046,5.174823586098899,5.640734837132759,7.422927147893294,-2.46727008068628,2.107697309871894,2.604329751774972,-3.520965847007979,-3.1908883562347174,-1.5985814143329644,8.147393941333211,5.90639564150639,5.561472614771202,2.2422845487078478,-2.4728253866429606,3.5804456535763363,2.27644493294569,1.822926667147303,0.8184225411265718,1.5475202389821041,-1.8291665178637728,-1.9390301683922384,1.3845011616130802,4.133851580046212,1.3048803036314964,0.3478922577806259,-0.8386011338749599,1.2673651603228957,1.5462359055885708,-0.595950141185652,-2.332177630463407
44,32.54821414991158,12.175802770321535,-1.5005791560002346,7.5155540370695535,1.5165472571757508,-7.5967430601021055,2.0150541747392823,-2.2530131816524355,-8.352088053831052,4.098222773943838,1.572932262371419,2.3282424537213178,-9.760101673094908,-3.4200842021566804,7.311482551718378,-3.942436446622593,-6.451244385121204,0.006705957595979704,-2.0068671943578607,0.8243454087025216,-2.019680062758671,-5.4131898890765795,3.7367985916238755,-2.01146851425786,-1.5689859493486793,-3.734268013994186,-4.272101352058193,-7.883011226175618,-3.925787572274491,1.4597914612934488,1.278547383791568,-2.347895169328609,-4.700264082645907,-9.33224236569784,3.1646337169334093,2.707461591037133,-3.1185287512890576,-0.7887493048464077,-3.7823783846965235,-4.213392782409878,1.7296433047467399,0.8067663062614011,4.086339251222319,2.233373841502977,2.063322907341767,-0.38354661469604756,1.051200434881595,-3.1336052150155607,-5.806767444049842,-5.0664896584864145
45,21.868249478821557,30.214777438623937,12.208645032542428,-1.9524165328175493,-4.449199247757414,6.29389341962112,0.5437630775560982,-6.910853571459327,1.3006639202160901,3.294590495216599,2.778402883787823,-11.274640774146894,5.94515595722615,11.936747024665722,4.345163114078831,-3.842342895464088,1.7248737212289493,0.7194848368266046,6.050612984547272,3.2231609087549153,-1.8476001204138357,-0.6468810417169629,1.577726565470136,-1.0167238041719497,1.9432212741904307,-1.6044645483332058,-0.5514305746810209,4.5368356618928365,6.756932084982631,-2.297787580191407,1.32023718543638,-1.6100019739934865,4.9731235921609525,0.7857972420492364,-0.4167651261554706,-0.3988442809770529,2.7052439228056304,-2.740575599145686,-0.39561389192722557,-1.483336646490749,1.4027914054107018,-3.0618559698442382,-2.386274843056181,-0.32426134696686687,-3.443933919973285,-2.4372288383457974,1.1751109926181653,6.15829640957063,-6.1525970657711,4.813286780723451
46,26.0028522289561,5.2985205929042305,-5.062283719912138,1.9124976882811766,8.835865506873288,-7.159760091427313,-8.661339477570351,5.913754673876747,-5.955810349474855,-0.8126633855541228,9.640023672273761,3.8615909441512573,-7.047741023546743,-7.811204896879268,3.027631273967771,-3.803537811784341,-4.258031727339944,-2.4613590127699956,-3.148413285802216,0.9904011039688768,1.609425639942544,3.3487287673270596,6.400761848395917,-3.1137538274978724,2.998965856249967,-5.064845092002786,1.2881050466535025,3.8078830142604634,0.7335038672577134,-1.3008120916736838,-0.26416314538787267,0.8251965633936705,2.0683923869333642,0.2441864288912662,-1.1018823068037062,-2.3937688303041913,3.6335139897786175,0.9062531193391481,4.4620254841466895,4.3457333744513855,-4.352797386433716,4.756660832137838,-0.9812042224404954,-0.74563280044393,1.5250679092461985,-0.6818919267782473,1.98444936760213,1.7291645051106723,-0.08718986835344346,-2.9815293192043453
47,33.517419184639,28.546925845349357,-1.635776868483955,1.3297658638581418,-4.6744618317859175,2.888110653289691,-1.8255245670309062,-0.7528587824295253,-4.597397617861498,4.503713337179502,1.3385638604377545,-4.670791976768204,1.2431221426385586,3.783263028169436,2.4909403946436446,-2.6236625509395624,0.829736222642377,1.6036971647326046,1.0841507006332272,1.2383121336010208,1.6526364389116348,0.3783243206613354,2.673548883514338,-0.7499207157182181,-1.466653880857719,-0.483878659941717,-0.304026123749942,1.9481692670744224,-1.4994503213636523,0.6973806920877204,2.1855357208747606,-0.9213212454054226,-0.8445568924368718,2.9359046084025415,1.8057559442689661,2.5067180954877704,-0.7531976890582069,-2.3505517181180577,0.18396112906384374,-4.040803257692059,-0.8686244926284193,-1.0886056278281255,-1.103941857845788,5.138923203244683,-2.132107761224746,-0.03796311239457066,-3.1525581906333033,1.054831660028453,-0.22509468700650606,4.050251835151465
48,31.503703941616877,26.172632194326642,1.0876664565074974,-10.962184855871733,-2.8757530680991925,-0.6629571146984558,6.121363024800831,-6.963937837706467,-0.8644006131843931,7.292089777796527,-2.337381941153221,-6.397683374561712,2.1740579588914306,3.481770890192272,4.046145160399853,-5.843525378177915,3.7822298594296697,0.08706417403800171,1.2751322558223055,2.2879983102163153,0.013175311792785102,1.9531006845493952,3.313499197774051,0.012818863911435904,2.873621670421039,-0.7795942926920717,-2.087590537350824,4.245320587130544,3.2002580142760424,-0.11429807320788046,-0.05700209281729279,-2.753818432148512,3.224954536780405,1.1883954759473414,-4.837571979230369,3.080105257989708,0.9490545399168592,-1.6532140372097017,0.8558168726672065,-3.468988124115151,-1.4419220915530893,-5.226829052787412,-3.7957585665012425,5.197868724708894,-0.18011363795352797,-1.255896403723816,-3.0967720331102653,6.879927376231646,-6.061581322795901,3.8589193002067392
49,36.857997022629846,-1.0754553083346734,-3.062779356322557,-13.51592557816483,-2.718645374117806,3.261228097910363,-11.736867759732718,11.351101068437236,15.797114164125476,-2.7968060618398756,-5.279531874710736,1.8569357092700745,-3.351319899657804,4.931513005819685,-4.32568076817812,4.249483640093714,6.038978074457509,1.5429095202442153,-7.657905254081674,2.484737215918521,11.43056836355742,-3.7374017877766734,1.3076886587914143,-8.01018273854235,12.113047046128308,-1.7758207804818538,3.0974111638612287,-3.3565576256988847,5.891726186898756,3.77138620097302,4.9870226546049246,-2.6878924453031408,9.976990783640312,-5.52410367156643,-4.999975902212081,1.6739560481999636,-1.2664692437101506,4.007220959334424,-0.9930107167486559,5.186967457113286,-0.6167513477245016,-3.3393196923015585,2.589187706129881,-1.984828298359515,3.886269671324688,-0.7906490347569511,-3.1993475440119084,-4.007984438736466,-0.9205342836777074,-1.8518583404576823
50,36.20398714925763,9.65445736546551,0.8926743359854246,-19.435054984898642,-10.064339137695788,-0.903485861580982,5.268113471781182,-0.41809203100893516,-0.4736173932804962,2.4650339743852667,0.13686295137052482,0.05894141664383124,4.146704728211478,-4.354569487059161,0.1124537280558894,1.1744878553604592,0.4755717265184595,-2.3607654948962153,-1.7644683806734651,-2.1378667443339827,-1.2935969305936799,-0.6444503545382607,-2.392527136384228,1.82935299512782,-1.3089044439669761,3.7254758220997233,0.13509449338152837,-0.3111863867297232,3.895903329154716,-3.429775448335534,-6.193062465686299,-2.243617789605364,0.8515888152646556,0.9904758440398029,-4.527571233320387,0.22914402562800834,-5.347540613279669,-1.3775815677830752,-0.9417869600522624,-0.6303906086498652,-1.6206979776094665,3.5028793368314384,-3.1922423774249413,-2.1554236636615993,1.218853877260201,-1.9892295174291343,2.9399775584449857,-3.0463246109893927,0.23440189755466928,1.8113930242497955
51,33.495624413133505,-9.150248657272051,1.0752099714455519,-1.1193025354282709,-15.225629747876933,-0.9220682072222631,-9.033282330274321,7.72427328973502,4.878504318854617,-12.658707030941677,-1.1931772789778223,-7.77556067907926,1.4171289818688217,6.803859094535823,2.428617137438032,3.571443510602873,-3.184613540273517,-1.3484283610269518,5.278721255737538,0.1322123229722113,2.333013251249628,-7.0232055679605,-0.5373963702174952,3.162765455489774,-7.21358816902739,-0.5385243892912916,-0.5527191098952233,5.083096426391977,1.125986144552307,-3.563296693108061,1.6665664591984874,3.6122824323661877,-6.349928570774994,5.202980272863225,5.543459724771795,-1.0892027395469586,3.705398095872702,-4.564704637296759,4.003690547661428,-0.21655414589666733,9.505960029560786,-2.6889079031069434,-2.012905532574875,0.40088039673460624,0.462755844471513,-2.135353446708814,0.5551847403079643,2.5888391902956944,7.413018678603745,4.361609734774178
52,26.622216217730596,24.70666157962952,-3.24059232713714,-0.32571649122993823,-12.777029248281995,8.60741096145667,-1.983835689764922,0.1324227436269163,4.594657279911233,2.7842797962826693,8.398160910540069,-6.054759296164431,-0.02145948459256707,3.19463640453772,-9.988178894852316,-4.051538559268329,4.6283474297373,3.4908509729349064,-1.5338507953624076,0.34148869627688533,2.8562112555970534,-0.5632080650550304,-3.1506569573312384,-1.7774682632716223,-3.0576336049409045,-1.8952768233343646,3.482287235665544,0.5620025811212243,-1.4021011395844536,0.5262544533748241,2.264166629298747,2.9954997091158395,1.2885016045785267,-0.2468204767727671,0.7678461563630031,0.37075114067942183,1.1886054987337937,-0.6533883042555653,-4.783647830087974,-1.8743979287910872,-1.0635872840404141,1.6024726684173614,-1.2917374667259711,1.4366051932975588,-4.842249896777522,3.4995703827680664,-1.5867981923498826,-0.08859982585793134,2.3182690923860028,3.152786306457834
53,33.64368138137036,2.1244373570467716,-1.326113146222305,-16.080114641891267,-6.235748097912634,3.9599359188997347,-1.9527246263335578,4.899461100352474,10.982477210990638,5.261760657543944,1.8798149559406667,0.9448003267973987,-0.0977026414387797,3.785436754997038,-4.7400933935781815,-2.555153801998359,10.691508110595377,2.4506005001980626,-1.0275433913469327,-7.308750458845002,6.203726409901514,5.381691794130298,0.16436923735240513,-3.4796546946710287,2.9044349353701806,-2.4555998893528534,6.6201094210546225,-4.771097953339565,-3.540288910310777,-0.09318125085715194,0.40269071686049135,5.869300437711782,0.26264681181679406,-6.663652894957186,0.2321588771276817,4.861095490375663,1.717534203347734,3.8856586558608552,0.9534444037180819,-0.9981036288395769,1.858249905857895,2.9541087313656504,0.18711475295500365,-0.20616178692208323,-4.06810993901411,-3.1834633628496007,0.9576470645400516,-1.6212641416957032,12.005398676061157,-4.074548569488266
54,34.71194298380642,12.635660205221354,-9.633375276659178,1.1254894609119408,0.23489938532122745,-2.6808023175568305,-4.393441188217266,0.7168976687242284,-7.655649180349739,1.5220361861065388,-4.509233743093567,3.893630818783334,-5.529723296750412,-3.6556538268538628,5.350754718735613,-4.295472198599686,-4.483864384669965,1.2433446404672521,-0.760012110192035,2.095134355546851,4.5731481773983855,4.306876730518157,6.343100212846222,0.47647236405040244,-0.9682484160380972,-0.15070393070626523,0.12003348432432412,3.834100976039966,-1.2510948213573387,2.082281396100272,2.2529140704988855,-2.946320007214967,-1.008541717194902,1.4021139558984552,1.2824648176312639,-1.2775733125519566,-2.2861807749692455,1.4396551232153678,-0.9977729079680591,0.9822499962396032,-0.8894278476056527,0.4800603980246856,0.017698246490615813,3.6060826102286723,-0.23497739179236313,6.9789234773775455,-2.351269800765069,-2.0165780463906673,-1.4558283051851222,0.9074437694835322
55,33.539941654021526,23.605403949002106,0.7918160452651358,0.7397911561330974,-4.554960137953742,1.1332656264375458,1.749169192676271,-3.7951320984415196,-6.272473983979342,-0.906098680326405,-0.25641923273439654,-0.3015597115482271,-4.3126665883692565,0.7596246412600387,3.6583516206591282,2.087932487488143,5.83779247423067,0.8212692738880916,-3.314654956055444,0.6417951671251527,-0.8533584495339996,1.6815619014815337,1.8766030383216277,-1.7206652605846156,3.260834701970196,-2.3978021673602754,2.3334275283919412,-0.4573040437551181,-2.5343550993403987,-2.5744802476082245,0.09688199805971656,-0.9541410108095818,-0.12955485313010365,-0.761397957246165,-1.2464072043688723,0.11955518121716213,-1.28988892044303,-1.4256975117327484,2.4395681140883783,-3.576017409162891,-3.8718033565102217,-2.723482688959541,0.7129992048314631,7.675131831717688,2.801312951795431,4.529388476135517,-3.771802856039172,0.32342512821780683,-1.1702461639200692,1.3585215131512878
56,42.112036479381345,1.872738182740749,-15.97235644444478,-11.10922195258103,2.125197704021514,6.177188911941451,-17.40918686291602,1.9173108293780123,9.05299337447044,5.16793952278639,-10.31705350169342,12.012739136008376,-5.08710286251642,2.080046805122909,1.3544069081855095,0.02955950118712724,-1.5174866248073802,0.5754348793422378,0.8555391189541716,4.3207093077909,6.738563395685654,3.5518168999553996,0.5498303189141055,0.8711707058744973,1.8911519284485763,11.149424797189054,0.8622502551111046,6.03516208019401,0.7785211142534273,9.755381947584624,5.9322300474296785,-1.7834259326494737,3.168216992048516,2.5289371002991383,5.083626573776091,1.6230694298122386,-7.2737211471567855,-4.486955467647887,0.652752959657458,0.4487208386783239,-1.2403452302399214,-1.022304685100059,-7.029118084106487,-12.776503927851097,0.935457944104442,1.2398926689070566,4.270510727858087,10.163615323675476,0.9174581107537808,-0.32186949556901306
57,36.79267985050873,11.851856723826266,-8.498928513264406,-9.599079431966189,-1.068223975574693,-13.012293858114719,8.65298423629996,3.021037403790996,4.519073016828559,8.085087193947894,-5.681180540599373,-0.5547275150394241,4.34615121203896,-0.6481916689350256,-6.92890831673229,3.406247544579522,-2.60595410981399,-2.6219676276167596,-0.5657304811023913,-0.5363922932449319,-6.721350401268896,-1.6207809120856709,-0.8757995517233532,-2.989960103406491,-10.391818781662202,-2.9703497250306543,1.1088040794419527,-0.3204628221641583,4.110976130673191,2.1849749873469007,-5.827852169015032,0.20416832360099413,3.9886926863373744,-2.5828873030244486,-6.44205173632734,-0.2531105608468489,-4.536919653329516,-7.81400023178551,-4.953158322559985,-2.621513246738993,-1.6576269672261401,8.942942745943723,-1.8394478458454577,1.3287173449534448,-0.2091133453518828,-0.32517978545462306,-3.830021544532599,-5.788504077682289,-0.8854815258961098,2.913676091564494
58,29.877492829345666,8.051829136659698,-5.303109333207607,-15.375415462172823,-7.691349985060793,-1.4507270584258583,15.404801032961705,-5.177202625054646,-5.080980033450502,4.41006417359988,-5.410439900148922,-3.97414910193425,9.695453860452686,-1.2133492635273724,-5.331540642942622,2.2286049678254987,7.969035089684139,-6.6500613911043,-3.0074102899805846,-12.871268846915415,-7.823064972014187,-8.527152496675669,-2.372031714014645,-1.5704571512283647,2.812368395089773,-3.834714855785575,6.530899276133768,-0.33797673972566206,-1.6469033909352804,3.037305471979759,0.7382918438391867,-3.056198969973463,4.083709138713654,5.794042695066321,6.609327058488155,1.6821285450105579,4.837060989166794,3.584411282274234,-0.8586068657103701,-0.20564597904005866,-0.5847929312911443,5.577845046386195,2.3689892516482884,-5.736277641333454,-5.168422087046323,-1.5603031580956357,1.1733065951157484,1.7487894253589424,-1.8750677128185742,-5.071165777258959
59,39.246395158195526,15.458211885437205,-11.399564017619408,0.07377661039256206,-11.137892502320296,7.60596725563887,-10.581637749410133,-7.217727575213485,-8.587957761629301,-5.032539349967225,6.602323884580293,5.4997823958586824,-1.6302293999516764,1.7930598791717656,-1.249967387511773,-2.662792193442458,0.7808449019646689,-0.1349762842396068,-7.3212901180002765,-2.8800963158066746,3.4840433065579326,-0.600739530671712,-2.4960349930021026,2.4296896886030743,-3.280996417798961,1.9013567742237294,-0.36044293085619145,-1.8652684161981503,-1.54909717286444,-6.957416138885506,-4.261282154093976,-7.726265847152384,-3.7891730410603683,7.079211704429972,0.4506489369358799,-0.1593800539764787,-5.130823932377772,-3.400759349524477,1.3846035021947583,-3.327487155673275,0.6655321558206962,1.817480684340188,1.062871799518474,-3.258095886430359,4.095912299234795,1.621429757628269,-1.998812278851539,-5.544528649309675,5.441573377684412,1.1491732853602683
60,32.76295918640062,1.2905116947793862,-10.458012362372942,-18.965736670524244,-16.16183498759,-3.1396270239020585,16.443555630781745,-5.741209099546175,-13.968700861836203,-3.416858657961715,-11.907072730524876,0.2864684655200197,11.713810255193623,-6.259549992674006,0.730131417079176,1.426386626246184,-2.391828722171955,-7.098683729885017,-3.8070003109450954,-10.953059202654023,-5.093762432163649,-2.3232576238271805,-4.60504869909819,-1.0835109075183267,2.393609092568766,6.127943183242696,1.8657068080751884,1.646536617117023,-1.3509921552010327,-0.937321653977826,-3.0200629413467084,0.5511772206026605,1.7073827808397088,3.5106847045322547,1.6403001511033146,-2.0683815780975383,-1.9530507907108758,3.451334868304087,0.7094601479417335,4.478225381579327,-1.5525438396493625,3.643049109199718,-0.6012657663035166,-2.866927978857463,-1.921840858033506,-0.22001112773437118,-1.8234764630525484,2.406396803215954,-2.638848776784713,1.397825236071737
61,15.62224483611719,4.455288251731104,26.07765596191484,-4.4612049904632824,3.5054988760359675,-9.25212538296371,8.749724239799976,0.14630542901992255,10.347901173116549,-10.21653905843705,-7.3856157457890745,8.298414583884359,-3.824638532079198,3.8802313225595824,5.35057634209038,9.38360966443952,2.015818338264102,2.6293872586920126,5.3386403299815,-0.6567029234650714,-4.080571501271277,6.160539718124663,-2.924415619920512,0.4195020114265991,5.616208180103261,-5.792293714628936,5.3236076849121,1.9459267113814902,-1.8860565696174807,-10.500926453544958,2.3892179036562164,-2.7018268354930637,-1.827553679360792,0.04437363921709342,-5.60525379511702,-8.299687374567338,4.083031658884107,-3.1040573988670896,0.45986504776742243,5.5800498724747625,1.7689611930456683,4.869475819210901,5.541566436106221,3.882834547892186,0.5784040230941957,4.210278161571261,1.136915915949228,-1.2915293850279455,-0.30183742341185027,0.19951893106457824
62,27.251434852679896,20.871458338150195,0.44111786027435335,1.3111090422220457,-18.224637726911347,8.246668110110711,-8.958007087602322,-3.2065084222773255,0.6693736586951069,-1.0150052936345269,9.4723884994801,-8.05536958883538,-6.136615300863204,1.8019817738706796,-5.373226382848443,-0.44542902707644755,6.6598986145509045,-2.498529813193542,-0.6342877439231208,-3.8701681143560003,1.736014909420738,-4.187169217077584,-0.07458040959314217,-3.2480759087459767,-1.717689832244707,-4.31783624849596,2.9994034061260164,0.5401971209834314,0.1798738215568057,-1.558127115837076,0.6058105025301966,-4.986792890973736,-3.87515918020453,-1.7557755487622995,-2.150945175811236,-1.9863775039748388,-2.6039941667883455,-1.1432436871692848,-4.685827138014196,-2.225017577168031,0.13913413726217422,2.8613324205826864,1.234779972969463,-6.616880521415328,-2.486412751939877,3.580665849296709,7.238797855878927,-5.156879329001268,-1.4145470998392067,-4.385402075531675
63,31.677402384863452,-0.12440974451530533,5.454588966374959,-1.5754382710357975,-17.329687989882565,0.8062381465644025,-1.1605260180151908,-1.596011548083312,-9.684669681416581,0.31756423103566706,-1.0679549252438343,-4.5665850018371055,0.8509696706657427,4.190484928124257,10.1866454122609,1.0812132935787266,-5.552858240377327,1.5469368607842637,2.202974404794303,-3.007716380652828,4.766953049501871,1.9191465969449604,7.370470633643629,2.364305988822964,-2.5555947556252407,2.2153434371662297,-0.3524179958498524,4.212518690916869,2.4675020398303427,-0.9875732389399432,4.678589791105594,-1.0857171754845003,-5.2883132863925555,-0.8579100818647198,4.220783002968836,0.5446869901847164,-3.237935384081948,3.5120470800837174,-4.552989775301983,-0.9136974966238738,4.753211198672177,-5.23072277695638,1.34508074126956,-1.3097104740079,-1.3698888627961832,-1.7364487960128123,-3.1927859927676074,-2.2038923642207826,5.858238192371316,2.8029668272283663
64,32.27038025682795,-31.833787193301152,-13.046395269297719,-26.228134714821362,-11.410668385421971,-15.605474680184631,-5.7233653751554465,2.86199659764508,18.14055119695075,-5.009563552762051,-8.648416242586146,-18.566400171162794,5.445573526665771,4.96250401200028,-6.334513720524731,8.9093869601638,-16.736790124118414,1.7245064104607595,-1.529443020346406,9.900830903187607,-6.703380168870961,1.0860335181766907,-6.102123586207659,-0.7853082495665562,0.5083533058896017,-2.625412340555176,7.45482198782396,-5.881152847716395,-5.660731675677707,3.1422121300926866,7.180351177001006,0.6644662752478631,-5.407370653068562,0.04935575814205231,5.232538000277296,5.665161195379725,-3.7886011179140517,2.1511872764519855,11.132124558887265,-4.777603906280031,-4.705103643407091,-2.306028918737868,4.80864271699566,5.958866984361346,1.043981746838022,0.5299156236794828,0.06662284796356895,1.868119359316485,-6.633463233749099,0.08709047621339949
65,29.930085178859596,26.056164928973555,6.97273569634157,0.2213082001576561,5.513197020697632,-5.488921679521206,1.2081074119718336,0.6112119191051506,-2.838099027614809,9.400441764814468,4.339317658007229,-4.647784253093319,-5.0125003589083805,-4.05419448160676,2.5941513404611447,-1.4586983589382807,-7.898200729593033,-1.345823632049237,3.603709901719763,3.147256343119287,-3.2175929081930965,-4.64607210986242,3.3626026332264214,-0.19338715876210652,-1.4137504091552524,-2.6643449763530014,-2.8365190236433064,-3.8176258908937752,0.3046897469951601,5.677837985743817,-0.3474859312521375,-1.1081055792598666,-2.479513095106811,-2.528935870096112,0.5910258063813717,-1.3873057578587065,3.1089489172983207,1.4983243182863895,-4.122489186558009,-0.21318633380589788,3.5260557284960368,4.039856861797779,1.6534170204562406,3.673746981970617,-3.841218906513176,-2.032498468680959,2.2597192729817497,-1.6603698239108542,-4.354746666320655,-1.5243560786084835
66,37.422956618298265,14.4603386397926,-7.427772358225839,-2.094582489994933,3.9763374215728264,-6.527116653678337,-5.251605613223837,-2.680565125378997,2.1752275026604355,-6.444237431907672,-0.3022668258759156,8.267261249289183,-3.363722705685826,4.288265997120444,1.3110616793044618,2.485871561862478,0.4649068392298864,2.625071900863076,0.29957418363751703,2.102904986984781,-2.6072771517564064,-1.0903927757745928,2.0598206018332794,-1.1389228512660317,-3.270930550541561,1.6406908637343518,1.4375398006371656,1.0388297477755917,-6.5648740828339,-6.204156247410594,-5.240600369384689,-1.9775948461477115,-2.0727712043935904,7.5924586610968285,5.246472743667885,-0.9339506087821493,-1.8889388779565952,-3.248390864478991,5.313152731276601,2.101823778312715,-3.679257959146368,-1.2261645280926028,-5.488438966046002,5.293410192459532,5.840872156550792,1.1171120547808913,-0.15088577251172672,-1.8547647869377355,5.239866318755322,3.2443423583448534
67,38.359627378427575,6.140087330964501,-10.910746778572474,-11.118498862359996,0.5898534796610942,-5.28895063056555,12.702486116232834,-2.754975871898481,-13.40579280654865,-7.600908306406291,-3.6768414414402883,15.105252471814362,10.189081191532583,-9.091004493243254,0.715333909446256,3.6875968508710746,4.659665148009826,-5.149006547519982,-7.445640024269333,-9.365952188580973,-3.5768566540344846,-3.3083466799304087,-2.2627580374641165,2.5772999528518614,4.979748982376134,3.281690005225647,-3.2317882737505017,-1.5273217934712824,-3.0650923609362675,-2.055811693251773,0.2934489386704016,4.172604442068113,-2.2128072765319278,1.986210880070757,3.1602178935743455,-0.5030176304672792,4.955853873509165,6.329897087395362,2.9202966855544497,4.43856361416947,3.7763094036051896,-9.5142464697875,0.8609045611628385,-1.9556065054173497,3.2961219605620853,-1.5771598911025244,2.1843526589360502,1.3360871843770965,-0.3496546669675183,-1.3528797137653494
68,34.07615305129938,2.8543258827688467,-6.171821159503559,-16.216601376194625,-0.3795346504428684,-9.949757622694554,5.976388331958327,-2.5254368205797904,2.4493961485802407,-2.031946459706769,-4.595006301129846,7.904788225768675,-0.8320334858933741,-2.2452062711982075,-9.339091693536515,5.774588897227606,-3.409504249061557,5.429162148908993,1.1327834317973497,7.2002899012189845,0.9518425170664716,5.496182765197716,1.4984369264641921,11.41969626532813,-12.038622425943736,12.403180543694273,-8.973522477531796,-6.406125371057924,6.1010663067245,1.52436608263325,-10.962422104144295,9.458626162123206,-7.07014283637811,-7.0590015155006,-4.913072848165095,-2.0334182408702244,-1.2926275404073482,-7.653264219962291,5.30798836575038,1.2276820983848526,-0.8450217312770191,1.8784305428355628,3.4002791966928982,-0.4920291689276255,-1.3711037499148706,-2.928718901552542,-2.780757458576285,5.072114868469742,1.152016894240885,-7.624439540159894
69,31.380609187480356,1.8435469208082467,1.2013691010003864,-8.797622085587921,7.128432264644293,-3.662543008511246,-2.9576441678853644,8.836655113909723,10.518700035848264,-5.3756054529354484,-2.0057747614980967,22.010036782080828,4.64686441174981,-3.4005725028049425,-7.1910160267332826,6.680041805202675,0.29816148312147783,-2.2717664661492374,-3.5181555536712468,7.0203466030071535,-1.8644367980955865,-1.2565405359176376,-4.099251702011933,-0.2185751218643791,-4.50480114829208,-10.946261389398263,-4.263846858757082,4.685425759883483,9.28485590521973,0.5780660557725925,-2.7692997952787732,1.925115306983962,6.615813238999816,-9.907421890242368,1.7930384928611576,-4.51089956413299,-2.097614042862762,8.444121237233759,-7.42605956033933,0.6866566554717161,7.8788733226114775,-5.719979286438533,-1.879306370873354,4.336678081708321,-7.13770988816403,6.14430090684604,-0.08122907114263203,-4.631381876607068,-0.9417612498632435,8.596492776199677
70,13.048123221572803,-9.977552583380742,12.677776037930991,8.513209059549197,-9.527871422392169,-4.522587859900386,3.5352524874600015,4.228365415576869,-14.053595148059504,-12.563441497680548,-0.19749211696850882,-4.685440507502888,0.061425549233822006,-2.666676685699146,6.609193703294557,3.169805110465705,-5.268962477628811,4.517810677390867,-5.339756577094239,2.4439290137671286,5.259845008821286,1.8727885044331067,0.8098898731619537,5.8856357756444515,3.9452700328270995,4.375305163436399,0.5364365387398173,6.2393344734875,4.346419586442519,0.4708032806646487,4.078984115582988,2.438444885619345,-2.278120178444224,-8.752651321029955,-6.50460933001064,-2.1304696452589873,-2.67231266185272,2.430100866634653,-0.8310568974694206,0.5595116424116824,-2.6795259836507177,-1.3360411662093015,2.197266071912334,-2.9915017129459787,-1.6126993624314343,-0.7902151644106593,-5.103180842159951,3.492372825737142,-6.9950368822525855,1.990957964351351
71,6.755629410172184,-12.904522648776814,17.46409873049304,3.3591968423623193,12.13773374285486,-12.846063446065914,17.00197061049431,-5.435676987467522,3.490985922768061,2.566500255661192,-7.316467169812599,-10.305085385106507,1.7230647816557798,6.567335532366331,-0.0347891875531701,-0.21864438993437982,-0.2272531033503292,0.660206160203873,11.593427105145283,1.5706671543479818,-3.653058633492065,0.1527946592195344,10.58230919409349,6.486265511975029,1.8938838294612201,0.44139196398136976,-1.0928701377720091,0.611272959196878,-1.256041998220517,-1.3246734985870805,-0.9655761872647196,-5.55077580426747,-0.47200810370001284,10.00511995666917,1.6118384573626847,-4.342421887394626,3.876509453105358,0.849767056418529,-7.8898929773310496,-5.497422705056357,1.6712106330995187,-2.542513067408635,-3.3040001887596566,2.8189770767399054,1.858027161519563,-1.617135381188306,-5.402358404078778,-2.0058936219699244,3.659807144601135,-0.9679352204997579
72,5.659356406724071,-22.089414294321365,13.956475398089623,-2.0143874487259423,-0.8663407533619469,4.054672956690877,-4.142826775094915,1.0997369755314528,-0.07982935419188704,-14.510648248785298,9.651263200772549,-16.005857773776878,-5.829715573721343,-3.114143082586907,3.8143679884759765,-3.8613177538293044,8.525414574463055,-1.398742423335384,-3.8654062956167614,3.0531470901060143,-4.51254512412816,-8.070448794934315,-6.797653143851506,-0.27498171343874667,8.524470526225993,7.937708288760772,-5.5326359655926804,3.5180519867179756,3.348955052125352,4.470107328575737,-6.277626474136026,10.14283867825697,2.922388173162023,1.2524992977883946,0.34032932758736806,-6.387189062278369,-1.2568843719097367,-8.29735240463606,4.085667739533714,1.723677683963199,1.7779702131670911,5.395976845434374,-7.406116022921834,0.632122007814459,-4.08850098107029,6.962664025158969,-3.834933829548065,-6.926853754343658,-1.007716888956291,-0.15640850917652319
73,20.70931154020411,-28.137961085071613,2.1169750228147484,-13.228188066794084,1.613502920478988,0.9731128523597221,-1.78452656790586,-6.141141794207069,3.6467483800446536,1.097607176893184,2.324785998612527,-9.547612046628613,-5.014287435617124,-9.613575326032672,12.219003219818147,-7.983950721246397,6.74757717305426,-4.24612969345966,6.630138271425795,-2.629081077084227,-5.682259307046232,9.538092990193018,-5.691995587478908,-7.52699855570261,-6.448473963898394,-2.8715437960710886,-9.922071432631219,5.114060921374998,1.9097161573584436,0.4074875962589065,0.19626076420779404,5.233660075291068,-0.9024869854107556,-0.2555141571202735,3.933184341928314,-5.798214890876626,-1.386153127806353,0.6692234107810427,-9.192462227091182,-1.149798893173363,1.3005715943614895,-6.835070722563611,4.103515914086176,-2.4459781607683277,9.113644940767337,-2.3415085300175025,4.301674228795335,1.3419248885644306,4.406935439346564,-7.217327975290641
74,15.918987272961209,-11.302453477069669,14.349213014917066,-1.0633430957987913,2.8455907662233018,2.036547979153561,-0.31874021610761244,-0.26552008108337116,2.361009507250804,-13.433044078169827,-3.075675276512516,1.6067709661309446,-3.5383375072697185,-7.752457604110063,6.922117288043448,2.9673678641465333,13.919083203235822,2.1720800061058836,6.907468140012311,1.2143206200498835,-7.073626669298969,6.974515212056702,-4.4987313763949315,-0.8908941798807481,-7.929604660263286,1.0782580234584869,-8.41670769526261,0.433635701387911,-0.9113110950173418,9.922242315392229,2.5285649907227,-1.7008454532221182,2.3501412062651026,0.19024963697451766,7.50338368262569,-3.617982737183018,5.946552551449379,-6.274140606940895,-0.277769378826398,-3.23688540103627,-5.344182666626381,5.890890120853539,-0.14733883923585536,-6.182287334804816,-3.2177349983739694,-1.2357266497776942,1.8307083272275404,0.42401315015965946,-3.476163976442955,6.533345931078409
75,11.686647065276615,-21.597023872977335,-4.405059531153308,-6.319017038699609,1.958288619704889,-15.612116745298042,-1.358763681136823,-9.653464789955617,-0.7725910578710923,0.17263057958867703,14.485926110703339,-11.439785816434867,-12.533459852181815,-4.163488086858715,-5.587590672284509,-2.6668079800958253,-5.270621164009247,-1.9799036238022256,5.150008098803421,6.368489052982818,-7.950067819833308,4.158715909727247,-0.6614255905181019,1.8643388478844871,3.628554693717294,3.843477031384385,2.3961657255393347,8.49445479521323,-3.102462003383954,-7.101851860773352,-1.5557400720545387,-3.6885161098144734,4.978661408434818,-1.986313296978921,-7.372048673729309,3.2454323886948395,-5.642501502088447,9.439484742629064,2.6955179049111773,4.720023953034054,0.05143894024588788,3.4698472873449067,-3.66680494212618,-3.4265049303497,0.6607940626615681,11.003674382812447,0.23125121460528347,4.412985427602251,5.95732859804863,4.655140137361804
76,35.69072237471277,-18.600765895383667,-6.392061663153725,5.637020444519362,5.30867388241896,21.65890620969767,-7.991368118673055,6.908552009277483,-5.42381254212127,12.602341594510735,3.0901082521855887,-4.584563626846862,1.878738051140922,-2.5468829739650287,-1.4147492932365082,-6.9789904450178,-1.369036124720268,-3.556200252759121,-8.9662771691543,1.6064720769225527,1.1797796324348206,1.8809862656874183,-6.616013680207135,-9.098221530913753,2.1820004682337313,6.814451466969539,-9.136616496067067,-18.708225375497086,-0.11616189408427909,-3.790244035493496,0.9689718864830337,1.4147114089907051,6.261792980768828,5.052588165856261,-6.600923451530589,-4.705058024985631,0.7029961003815082,0.6979895013711702,2.588377779932641,-3.4581953724746155,5.447383579637831,2.655478240412532,5.7907740598220085,1.0567956180341807,4.102379939885721,-2.3501758893610765,-5.429958428738421,3.6530643030721617,-2.4534861384227,9.285363567132269
77,14.837171694718359,-2.6028054841273978,-3.8203887512335313,23.45715308492024,3.194421610959502,0.12322536526814566,6.4596091309045285,5.966408223462051,-5.21510125316209,7.723340556582836,-1.2171814678355766,-6.732546740229412,9.445083746428585,5.515487214485908,-6.055741812430218,0.928754753236466,-13.375888327187354,-3.2192167359531307,-3.2256094755376634,-0.37669729573145955,5.030401874276294,2.504582037465208,5.608731772540546,-4.499923102696616,-0.9632218292277589,-1.882026097507459,3.900649376634685,5.760062513915599,6.112430070934733,-1.25125806010749,-0.15756773806723526,9.618994711405808,11.010454243393118,5.468378595269659,-7.568987695883392,-7.713473402963624,0.7047196102926433,-8.172325221424039,2.548092033284972,5.314866646349937,-0.8653253972157633,-0.8483471600784407,-4.412244236551866,-2.083332345950014,-1.2413051477608241,-1.2655073955563136,2.8428751980927727,-3.6865594514394413,-1.654925905705051,-7.207822759055194
78,21.714485143158825,5.183050974616646,9.387461696845781,12.998810793954156,8.212731352197817,3.8168399387213046,0.08646873851016873,-0.0068587654516992615,-1.976367539658804,-2.4218755096778413,5.123794884447689,0.10758416482323846,2.7643904369560595,6.137408725624985,0.19836517802875367,4.277006203721292,10.409520414950295,2.537533575756209,4.790450839180448,0.7912399480948261,-1.3840265402306893,-6.4757761491496515,-4.467980084292108,4.220145025108318,-1.8239575556992946,-9.635237324900542,6.2199007597828695,1.6644218131703055,0.7793996947823556,3.865307833281666,-6.008695737658491,2.6913961860629283,0.09098665467498379,-8.476626165760841,6.23025153950282,6.331975126653463,1.1609021948176923,-2.26529368985924,11.274213675546687,-6.198557825855391,-1.0472534858193376,-7.103794271591751,-2.4653560250701907,-2.4900662524041186,8.668544081496707,-0.9453786323398168,-2.527379588997443,-1.9904911936006144,-3.3134479007400115,-8.125413816476092
79,23.792241369446337,-10.3648815337463,-2.720054578153396,22.009887799763483,4.6890457625119355,7.427798950775793,7.560969834137965,3.936944801601641,-8.843335235610253,9.69115316855168,-4.303563471770514,-0.593387273003545,11.049897736750793,7.286031736273218,1.0875248216048765,-2.1204095498857667,-9.950311551114364,-0.8473424167940086,-3.326486928420514,3.7711613045339365,-3.5918908883403096,-6.526027310855086,-6.9965229423866,-1.336635845783804,-7.4493834190148425,-4.764607206204792,-1.2000316250358474,-3.448357542095017,4.169147285703962,0.32036719068226904,-5.218659789805784,-6.606741447029305,-0.07299167836320757,-2.399790454782598,-1.5286887024674203,3.172389282883469,-2.784324656731591,-4.035149718041651,3.971962614438707,5.028164727576659,4.020155491694573,-2.2915514184628623,3.5034975734108946,-2.017440816414421,5.931835248607531,2.5213250242231795,4.378090258371233,-3.362385342948441,2.732491864857992,-2.109116029959316
80,24.07645977676999,-28.601036212086516,-6.134894377562952,5.288638838106873,-7.138477028959846,-2.860184939158916,-9.4910470983978,10.778624746590479,0.2673615820010074,-13.770820765013887,-6.523038358225725,-3.6134755172076742,-4.564064266070307,0.9437547359117263,14.794110453348544,3.4637622593707222,-0.0673684194888637,2.323374000633324,-6.238009343459428,-2.0820299112973824,-5.303217138916735,-4.947158783346096,-4.086210284348827,-2.7507104030919782,-7.3141255896395005,-0.6747267002489322,1.5640654028511165,-0.8923145845816081,8.501293157074013,8.787814388643266,6.50286169408059,-8.17716073122061,0.4073889201917007,7.158557830211883,-8.358947591877882,2.576809690912964,2.1084315989625337,5.394909051974443,-5.737220360462286,-1.1687284952720018,0.4794661793502956,-0.27256457069078066,2.739881611999801,6.200360875164549,-0.5401493325827856,1.3200554806890687,4.633972561023575,-3.686862965469521,-0.5217945038843613,-5.610089613599363
81,22.107246563111254,-31.512707304166295,8.575766255941518,-2.9095992483725674,8.427196156331586,11.50561224669848,-7.700466648501179,2.105749729719416,6.0264366842575825,10.870924441090088,2.5004560890766285,0.15139622695993943,-8.703911904383343,-7.740697840323626,9.76199340766484,-6.159811349983124,-3.926151849392936,0.09124326704260767,2.68916540728399,-12.170978062469295,-0.4015872289739415,4.217083330978858,0.8622382593407751,0.5829907945706787,-19.564063390715358,-5.238899965567815,14.238390074506672,0.5067346595466322,-2.686573472210858,3.9731185530762794,-5.408563987653781,-5.732242371813325,4.049353170598962,-3.0485309700702485,-3.2095961487122495,-0.6317024304635322,6.366850238871932,-3.62624572505087,4.19565843393129,9.852777792537783,-2.4408613296004944,-0.24630167644872344,-1.5384569927701766,2.4184254416640343,-3.4285836553010345,-5.868845560568663,-5.756126415677915,3.369550827886988,1.834530016699576,1.9523365816795029
82,12.66169182678788,-2.448275476921226,22.75070393034926,-3.6513219331515385,5.77439493722535,7.860434024557522,6.763134414816274,-1.2536650942427492,0.6293950619012408,3.3347623489628124,11.209371895542898,2.8319356692368083,6.142010921645104,-3.716691309422198,-3.6518832896709923,-3.7289507640520516,-1.1085378783702688,0.6467475279581135,0.6580660850430328,1.5899079344314504,-4.16905837667954,3.059342311626754,-9.239719222555813,3.334674314672551,-2.422447435076288,-0.6075931224142846,-3.195982687868069,-0.8180515140833958,5.981325690417006,-2.1924275160499174,-4.809572943587704,1.9296623590466886,-0.7857686177809124,-0.2511684813456013,-4.244336914335432,0.12707349960434033,-2.327933754296104,7.377364864098048,-1.2827559138374072,-0.6001139704383485,1.4377120695197319,-3.7985840540488915,-0.8201369201415879,4.052429523350645,3.116411551535616,-1.59933453140073,4.059609058974371,3.310456567482668,1.2535910977478453,0.054485638243272815
83,37.52122881219136,-12.346155162130612,-13.172317646439115,-1.9392903170793634,6.993159850053067,-1.9252227002950248,-8.709856471167283,3.8679194180860557,15.653727932422377,4.056737184931991,-9.195312563372783,4.3257006603790105,-2.7719301763744735,7.141201340310235,-5.293461820322359,-1.7160720775548548,2.8419181799370543,-0.7507328244880639,7.280389657131107,4.541404848897228,0.8415097453581726,-6.652941318637873,8.368274833744156,3.940823427497912,1.2284623861174027,-1.2361444914231299,-7.68681410007164,-2.0322039263245344,-9.874255944668645,-9.934401561251518,-0.8451535938154625,-5.202119814101703,-1.0897691547195758,4.795045665543189,-1.2942177551327536,-5.487132896794426,8.648121881905325,-2.2453691703438934,-5.279995754562479,-3.2230115072864485,3.2699695362230066,3.829974283994895,-0.30666910491657756,-7.640689107500232,-1.9671509673292524,-5.2038604143381,-2.021167732289298,-5.248976557707286,-7.24789881901052,-1.4274929742622537
84,8.951908892851126,-36.73291310952035,4.388073052165446,-1.8883365606843203,13.931124831767638,16.50137806535312,-6.192927127650416,-2.2956252980652945,7.042867851004993,8.077657235820833,-4.4845001218079705,4.465295417736072,4.092598865302813,-1.109211458116751,4.862395029804893,-4.144825005365931,4.299362282964256,-5.213527316505059,-5.57274507294883,-9.204279673048434,0.7936118122787288,1.7031253362801895,7.510502695747942,-3.5598222482847053,7.389298527320131,-2.57710183534561,4.994591664375851,9.945699414154838,0.35911734423987934,-11.191247036035413,-3.483189981744083,4.813587476424259,-8.254771403773576,-6.165920265722058,3.457214704057616,-5.297602132893477,-0.97062134421397,2.6163462673487494,1.465866438037391,-8.730526037434423,6.5511387197758415,5.688714403833069,-0.8140807850769387,4.433210389211204,2.3433403376621746,5.4189794899030215,-7.94710459715299,4.671463246622289,-8.10194041067026,-5.37707810400659
85,19.083084275502184,-18.57419946670272,17.982900361746804,-7.105585380711469,-7.1238411499866245,8.496749882474242,4.373270652525182,2.4664793214371463,-5.42879719390084,0.01842794808667882,8.605075981246861,-6.909540299983398,3.2834754937983717,-11.65225620843157,-16.111020926742146,-2.451245897594838,-7.873195160981672,-6.410483781904059,6.925501798031406,-1.5553355568484226,17.975422788805957,5.19870149991797,10.700707365542147,7.055119612318959,-4.7614898933507375,2.4427220204569164,4.454917456102071,-4.147232452346061,-0.9248777849245525,-2.785394559506341,4.107102232325345,3.585448869120111,-4.128598243713393,-2.0826837236611913,4.664911382575021,-3.544957867022986,9.131998178837438,1.5311643054743354,4.271524197249795,0.0045833985683378506,1.386608558212851,-2.2469402267134693,5.468006781914102,-1.3482211903693366,-7.035732577570456,6.069064977056639,3.800508179159482,-3.8169189841179985,0.5734009492771487,0.08828507665497932
86,10.230645184134518,-1.7629862690435432,24.729113295151652,14.805784912371157,-3.3622051172769982,12.320344568761122,9.218896950420715,2.914078105187944,-5.759847543235876,0.3744297657037129,-0.6650927450928192,-5.7311636270087485,5.118827315724759,-4.234838772599089,2.861816579453236,7.338024398458876,2.268557160149245,-3.37016466506506,-2.2339484181819085,8.064780014225422,1.091659583253267,-0.7400472234166329,-0.8656763147048965,-0.1395787323089751,0.5239221373932652,-0.43474938810179936,1.6560858630624629,1.7648146144534547,-2.472601767262363,6.218948572977055,0.7163707186602896,-3.4011314124566008,-1.7394239415620176,-0.3515432186666345,0.8617501183890391,2.878580746776942,3.8293160559260455,0.9321946920129577,2.2009004888838177,0.3579856689953927,-3.043862959562003,4.936233475363931,-0.6640648326752223,-0.2472940160481908,-1.593182441464334,3.7432914159848645,3.3415252424144515,-0.7043632131651355,0.5547529042253959,-0.8042864458366554
87,12.775849354649083,-11.994944596579108,-15.393915216667567,22.66997213440346,3.351915949777413,-9.664469201086717,11.180391221817903,5.941469826133243,-6.115369173871874,0.7307184746837732,-2.416188876642489,-1.661925819468544,7.492394481195353,-0.5252086024773099,-12.674398713439166,-0.8600440557810453,-3.397680226021773,-2.262273611894677,3.889380033506645,2.943796049325951,-0.9183399147148747,14.56986510275148,-0.42443648175379983,-4.991169000721892,1.6157695521754607,-3.8175879351497826,3.059775941859675,4.419654875573923,-8.637744298078038,7.57800474570189,6.738341314265844,5.315272675284393,5.101620491033418,4.541717902664927,-0.8342523152148943,3.636654033342215,0.9044955172117914,2.0141895270604286,-5.951298436685828,-4.0647754010038355,1.52218150034506,4.641603731895273,-2.959604946928579,0.1844249344567567,6.425666321948334,2.2131548475195046,4.317305677029765,4.048091516289942,0.5278886642677498,-0.07800967188639821
88,11.433514688693744,-30.068937643433838,8.054064829493761,4.990383288905022,16.337755769743776,9.007202054610405,6.551041622687638,1.8541860994989496,5.8869703685264705,11.074186194024536,-7.807260090274077,1.5795987493642258,5.164595437981321,-4.160584673052902,-4.951332918320147,-0.3272292655503717,-2.9254814921503627,-4.375201684641899,3.2600094696537454,3.019631600671024,5.657264820847103,-8.006974207566458,0.3506866626541539,3.5988240987970084,8.445111361381018,-1.8932695095279712,-9.310062709977512,1.6841237252498018,-1.7062666740886692,5.590178735744408,-9.514355606025758,-10.494731700705309,-4.181444620638611,-6.72758677267011,3.319047017345005,5.030495460050402,-1.2762779268739874,2.641919915116937,-3.4923013683336426,-3.409086657521777,-10.28624905944854,1.6285309731313813,0.2611394002279976,-3.135896814089389,-0.0640122779291544,2.859182616379023,1.2440155946881033,3.847479754253718,1.9149219872966528,5.11565082759484
89,27.90117365597198,-6.996594173700802,-11.062227180612497,9.813931166467405,4.182447440893508,7.29375472324259,-8.939319684003733,8.871579101650177,-2.557337412014684,-9.446766173769008,5.742400118452184,5.720239756675531,1.8827091936455465,-3.3967892231847103,-8.325759001290672,1.0512881112111325,-1.0083635726739373,-1.5642633055953066,-1.7855173397299033,-1.5493162628260218,5.963068273446027,-4.510198879308291,-1.4156326352342432,6.165515088205737,-1.0967021387359273,0.15361457888001268,0.7467311008628924,1.3313157151600323,-0.9213254691339194,-5.211049486346613,3.4887194706306968,-2.9881275415742126,-5.956155374839978,8.044929666424581,-4.217393853098475,-1.7883634696271444,-2.143473606627893,-3.400540339388775,-3.8493891939360996,-4.959601124350997,0.10587366796156601,-0.9616083314404087,-0.22911333347349022,-1.0999021478907032,9.431985621931917,1.976004882549283,2.862661918325568,3.475122700406913,-0.232559553638399,-1.1640162927311886
90,13.345049311222287,-13.129656436501389,-4.626056544893838,1.1822475500133438,14.501401058377878,-26.899417443116576,-1.1561860583172667,7.387076623218895,-2.8196723412067155,-5.34049893009488,16.288244051697404,-0.6794831420419962,-10.403971757073794,-13.036656076744881,-8.426042697972989,3.5039779786645386,8.12844224666781,-1.2735522831770638,-0.8410003177156979,-5.82366210763128,-1.6577960549891262,-15.37755980311755,3.7496085738864475,5.731806345572775,6.718540622067946,-1.135486479659861,7.834249388848212,-2.994229138202295,-1.1249165520266389,2.920427769510828,-0.8734979168466748,3.9390504762583327,-0.05949602076425366,3.418219537293066,-7.7621826169088495,3.0327175647907496,3.64478710930681,-0.32628305634879773,-5.249458689094998,1.6776745989202242,-1.1992687837826634,-0.6781454093639436,-0.3856122901954305,0.7826731565106984,5.600086149556285,-7.756829496202474,-1.5202721285990535,4.475921351814049,-1.2847830105752733,1.182044283491248
91,10.474153498904476,12.823624994414683,19.737260013688463,11.802038864408603,11.017359792881576,0.5647203201584663,-3.133350191817875,0.38440397046484254,1.7009180211107813,0.4954699510320489,10.908666927658455,-3.4768549301332894,0.5903791269178992,2.677798759156277,-2.8332188197349732,-0.5058747362151331,-0.07008819429359803,2.2693005881955766,4.027454326246249,7.283043154717464,-3.370199097253615,-10.341320015962221,-0.7656565294253532,6.2062366443857035,3.9828980887113685,2.3211189083769255,-5.244149665170383,-1.1959554291047427,-1.6566770358747875,3.666440908339455,-3.6457990474895148,-0.7061637900486591,6.071772534194678,1.3282131213129238,6.250020024483907,2.2162987651280712,1.0155515659196916,4.322631274636434,8.900324369009429,3.992404756092182,2.498257622837831,0.28333634995157814,-0.9331442945296615,-1.3436694423009066,-0.15030270462892306,-2.642355744650215,-2.387111165530601,-1.294662749169373,-0.9855305652698003,-2.0341354441189936
92,18.441743258833583,-10.06573549200611,-7.59553995084749,11.541032670146787,3.8079698045377963,-7.197010795750493,8.79252829206904,-7.2746920750529425,-6.29501586871989,4.865736902564565,-0.45226654539599653,6.218060435327704,-7.200757173885688,3.8338905231883724,6.74034848475561,-3.0958078333325867,3.7373301781097155,-1.961785622198007,0.7309816700608417,5.596566814705652,-8.562406850749712,9.429323612097656,-7.26394337818468,-9.201292668023823,2.051603798604927,-4.719858950041929,-1.6080309651779456,-5.56378278118631,-10.279254952567968,0.6177904630656066,2.01223092241219,-1.1444523510833937,-6.102112575058792,-5.231340069747643,-9.395797713126072,-1.9258880916924437,3.7950170758165873,3.5518198447013485,9.762119279059235,-5.268089510033269,2.640769643240576,-0.7336396699112674,-3.9578245643353256,-6.751440390194821,-6.009698455090873,2.197380729214664,0.9584597717344753,-0.8948292752717532,4.534339849262335,1.9116794962914199
93,0.6674937612245444,5.298195034998143,37.6974472546293,7.41553464996764,1.9016287901606617,15.139457293188046,2.6821529314629386,-1.6867042365021818,-1.342994235041113,-4.286004400044851,-0.26690177688340805,5.9681125047751875,6.758730423680388,-1.1268964456715747,-0.6747646258211264,6.778781799632485,-4.417692865821351,0.1321147216588833,-3.640262095348469,6.92818149541184,-0.7255689977683084,4.386334667477108,-5.37935242859578,2.8518680371474168,1.1636276614149828,2.278031305034688,0.7080124164567142,-0.507929182057314,-1.8254130394760033,-2.2402484154963105,6.324158116219196,-6.876320754772071,-1.191474381745604,2.7329589208920875,2.555306972777216,-2.2014528082697615,1.609618753937582,2.7773279775302986,-0.3253772576646985,2.7009415166552277,1.4844815862173666,1.001158339552351,4.799149982017766,1.192706578688847,0.2946591590105095,-1.365820318872702,1.5845978609676434,1.7955457093734073,2.2584379209778542,-2.283768128346034
94,19.957960692787843,12.526504445155572,-0.45521312976540934,25.505645702682447,10.278841594668602,-10.48921925201034,-1.8695854208864087,6.870170315803568,-4.8311210614917375,-3.4164194498998115,-0.4550854173207738,16.81786526112334,-2.6922563321425117,5.058150020202188,0.6690119092836079,4.248077897125709,-1.0051534537383997,12.017032111615018,-2.4525426411085856,-0.5835851766453722,-2.7791585922034208,8.417411117426525,-0.2763726572418511,3.0074495829894667,-0.03962305382276909,2.3297627883636807,7.9439305552426545,-3.462455368976035,-4.472885684994947,3.1060416023009245,2.6385032254186394,6.340223647268886,0.3289945805754739,0.43827940906156143,3.481707609727279,-1.1571789815817757,2.793909950021992,-2.7184434450944863,-3.9435507515118404,-1.8847627276786436,0.4874241732218475,1.9421407802353454,-0.23073612449522427,1.2605701197998087,-1.947092977407729,-1.2878338519023238,-2.3204092308575754,3.0983904040183106,-0.7764768099007613,3.132263134788276
95,14.946902710507523,-25.08514199172012,2.496440648268212,20.493680608523192,-4.679839522497504,4.17576559817285,3.482999921367209,9.479397920361972,-8.496441455479346,-11.263132571672795,-6.4632441869966675,-2.0756088052258104,5.920455186502981,6.055131741368181,1.9727026659104687,6.877545559225456,2.908928483083982,-1.648704704866349,-4.40295289397199,-0.7628605306834684,6.3506233734245665,-6.831828555990038,5.435401540184241,-2.4585658448029823,2.201472746265205,-5.626889123114805,-5.577124709234679,5.358346647594383,-1.502952170851255,0.5728160475324405,-2.0256761304546216,3.0045245841329478,-5.170701390219563,-5.00369152629028,-5.465939115555956,2.9255825847176866,-3.093587567712172,-0.821951792742893,-1.4930505619010495,-4.409348353243074,-3.9988186666585834,-2.5101330978146406,-5.572830935049112,-1.0585117854113015,-9.64910791401092,-6.267412886757204,-0.4383493256258558,4.621316800220493,6.79815205954537,2.199964901585658
96,12.301654723287399,-28.890245610656038,1.3177531373450677,4.8529118236205,19.01081660393694,7.371820753767324,-2.2311050393713794,1.8595659270998326,2.2877612647542582,10.724692239837568,2.122435366396626,11.389917005867025,-2.1303274014101965,1.6265348618106905,3.327874025780157,-9.912238076278069,-2.6041200646135025,4.256301258761907,0.9125649041218078,-12.401767570442422,-3.956126317243526,-5.060951667063486,-7.8802417287437505,6.347044186360042,2.806100058779316,3.730699192062958,0.2475431595480609,-0.11833838741363796,4.140427890552901,0.5271271490709132,8.081591995011507,7.4569066907403325,0.6526097908561272,12.92530437381357,8.297914524778012,8.622810316189069,-5.07142825059307,-2.4989141606638956,3.004133579548746,-0.029711001958428344,-2.851555948469511,-1.0028771232205262,0.12426866193080222,7.65037634037004,-9.74738144078905,2.1837304020464545,3.8023207213715953,-5.064556471566148,-2.164194951951323,2.3647440571552374
97,6.789922438768609,-19.275085021047154,7.272279670244233,7.7148632304642,8.76522643312043,-0.017652786451375586,5.906715411385285,-0.007741403289739292,-3.2779759432423883,-14.042985423783108,-1.2193928721309095,-5.183884864252867,4.9459451926103775,1.551115467498913,-14.154734289575996,-0.3020497720401262,19.053195619189932,3.192605816113784,7.913640017330516,-1.0014640977341445,7.23270741181102,10.305266574560152,8.272754095546818,-10.39551787200709,-4.509359934197538,3.4455689789517456,-5.305849806496612,-4.4152975310495775,-7.150073194938525,-2.9904418454651394,-3.2981006134918593,-5.718571664114692,3.5021925990606997,1.3730934528909888,1.2078993623866932,3.27420646281093,-10.704878423286765,-1.149603601691524,-0.5395940935488186,11.135991254845683,-2.2103783121589604,-7.971495410128127,0.46256170611482367,4.531927798829028,0.190240460420163,-1.9275044044974223,5.394503207234341,-5.570868547526196,-7.419424830682558,1.7173419190577437
98,21.91538181224919,2.2841836096194825,2.03292970208497,1.7286488847863155,6.75368866608431,6.822727594836773,0.8805087094358226,-5.215311607172382,1.866147438743248,6.948583639597977,1.98399056031609,6.810033129843182,1.9053786721862673,9.291351568971447,-0.7553280003333136,-1.0774660246019478,4.530347987493866,8.611191101647485,4.6627453313994724,-4.487415529562714,-0.4658382036764795,5.910554112626941,-3.292851009072352,6.432800876747865,1.0750222996938261,-0.7159578263999723,7.959921949018197,6.433459283164486,5.339330807413496,-2.8146083884043676,-4.099741974033843,-4.206701934623755,-2.0958209360739475,-0.49438406894771864,-4.741953392608824,3.6990786632046437,-0.8996883699645688,-0.7478088488431649,0.25189900998579384,3.1696881940431094,-6.504748939746147,0.14056805091649086,0.008413777077017499,-0.4404234257882892,-0.11218722460642981,2.6713340861091335,3.818758887132645,1.0210793609031297,-0.24837864214052646,-2.3899878309342117
99,18.840503940826476,-14.160534247526668,8.264460273567373,5.9414709712095775,-3.362758684106627,5.254650691721369,4.790807723127577,-0.016435703961652174,2.08774188470125,9.122167676834412,6.925408028567608,-0.5633530172805634,2.9942853905233506,15.40064223463778,3.6583209976875724,0.47562527622690587,5.208810311618635,16.71342963462806,3.173876629107843,2.302298363010915,-10.868445650991461,3.6386390404104905,-0.47360204971416425,6.577581971864142,4.9551576960385155,15.629672543835488,3.5253646701555175,-6.646594939452799,1.1724107460611426,-3.870029697751051,3.4252525956250315,5.844137923675941,-2.9395156089680823,-2.026978069366739,-4.909710731865763,2.963438877497094,-2.7496184877259746,6.158125368175853,-8.603801573285516,2.253208520594247,-0.5186670313033446,-0.14054735975745156,3.3167172288837072,-5.986761983279519,-1.7046896898563138,-2.092577532388409,-2.57492327546945,-2.978785125125564,-1.0412913734699003,-2.7906415406729304
